station_id,year,month,pm25,station_lat,station_lon,luse_r005_urban_continuous_pct,luse_r005_urban_discontinuous_pct,luse_r005_urban_isolated_pct,luse_r005_urban_industrial_pct,luse_r005_urban_infrastructure_pct,luse_r005_urban_green_pct,luse_r005_agriculture_pct,luse_r005_forest_natural_pct,luse_r005_wetland_pct,luse_r005_water_pct,luse_r005_seal_density,luse_r005_green_pct,luse_r005_urban_pct,mean_temp_monthly,blh_monthly
aleja_krasinskiego,2019,1,122.83,50.0573,19.91,0.1359814193621887,0.1482279841404964,0.0,0.155733942643514,2.962590017950222e-05,0.5600270279536134,0.0,0.0,0.0,0.0,0.2323296090535114,0.5600270279536134,0.9999999999999922,-1.67,517.1
aleja_krasinskiego,2019,2,118.61,50.0573,19.91,0.1359814193621887,0.1482279841404964,0.0,0.155733942643514,2.962590017950222e-05,0.5600270279536134,0.0,0.0,0.0,0.0,0.2323296090535114,0.5600270279536134,0.9999999999999922,3.01,459.7
aleja_krasinskiego,2019,3,86.58,50.0573,19.91,0.1359814193621887,0.1482279841404964,0.0,0.155733942643514,2.962590017950222e-05,0.5600270279536134,0.0,0.0,0.0,0.0,0.2323296090535114,0.5600270279536134,0.9999999999999922,6.48,704.5
aleja_krasinskiego,2019,4,87.77,50.0573,19.91,0.1359814193621887,0.1482279841404964,0.0,0.155733942643514,2.962590017950222e-05,0.5600270279536134,0.0,0.0,0.0,0.0,0.2323296090535114,0.5600270279536134,0.9999999999999922,10.14,596.3
aleja_krasinskiego,2019,5,63.03,50.0573,19.91,0.1359814193621887,0.1482279841404964,0.0,0.155733942643514,2.962590017950222e-05,0.5600270279536134,0.0,0.0,0.0,0.0,0.2323296090535114,0.5600270279536134,0.9999999999999922,12.49,535.5
aleja_krasinskiego,2019,6,49.13,50.0573,19.91,0.1359814193621887,0.1482279841404964,0.0,0.155733942643514,2.962590017950222e-05,0.5600270279536134,0.0,0.0,0.0,0.0,0.2323296090535114,0.5600270279536134,0.9999999999999922,21.58,565.8
aleja_krasinskiego,2019,7,46.81,50.0573,19.91,0.1359814193621887,0.1482279841404964,0.0,0.155733942643514,2.962590017950222e-05,0.5600270279536134,0.0,0.0,0.0,0.0,0.2323296090535114,0.5600270279536134,0.9999999999999922,19.38,677.9
aleja_krasinskiego,2019,8,41.77,50.0573,19.91,0.1359814193621887,0.1482279841404964,0.0,0.155733942643514,2.962590017950222e-05,0.5600270279536134,0.0,0.0,0.0,0.0,0.2323296090535114,0.5600270279536134,0.9999999999999922,20.44,471.0
aleja_krasinskiego,2019,9,39.43,50.0573,19.91,0.1359814193621887,0.1482279841404964,0.0,0.155733942643514,2.962590017950222e-05,0.5600270279536134,0.0,0.0,0.0,0.0,0.2323296090535114,0.5600270279536134,0.9999999999999922,15.05,549.3
aleja_krasinskiego,2019,10,91.61,50.0573,19.91,0.1359814193621887,0.1482279841404964,0.0,0.155733942643514,2.962590017950222e-05,0.5600270279536134,0.0,0.0,0.0,0.0,0.2323296090535114,0.5600270279536134,0.9999999999999922,11.37,342.5
aleja_krasinskiego,2019,11,102.87,50.0573,19.91,0.1359814193621887,0.1482279841404964,0.0,0.155733942643514,2.962590017950222e-05,0.5600270279536134,0.0,0.0,0.0,0.0,0.2323296090535114,0.5600270279536134,0.9999999999999922,7.07,254.3
aleja_krasinskiego,2019,12,96.55,50.0573,19.91,0.1359814193621887,0.1482279841404964,0.0,0.155733942643514,2.962590017950222e-05,0.5600270279536134,0.0,0.0,0.0,0.0,0.2323296090535114,0.5600270279536134,0.9999999999999922,3.02,379.0
aleja_krasinskiego,2020,1,116.03,50.0573,19.91,0.1359814193621887,0.1482279841404964,0.0,0.155733942643514,2.962590017950222e-05,0.5600270279536134,0.0,0.0,0.0,0.0,0.2323296090535114,0.5600270279536134,0.9999999999999922,1.35,349.5
aleja_krasinskiego,2020,2,59.59,50.0573,19.91,0.1359814193621887,0.1482279841404964,0.0,0.155733942643514,2.962590017950222e-05,0.5600270279536134,0.0,0.0,0.0,0.0,0.2323296090535114,0.5600270279536134,0.9999999999999922,4.32,660.8
aleja_krasinskiego,2020,3,62.07,50.0573,19.91,0.1359814193621887,0.1482279841404964,0.0,0.155733942643514,2.962590017950222e-05,0.5600270279536134,0.0,0.0,0.0,0.0,0.2323296090535114,0.5600270279536134,0.9999999999999922,5.09,603.5
aleja_krasinskiego,2020,6,52.53,50.0573,19.91,0.1359814193621887,0.1482279841404964,0.0,0.155733942643514,2.962590017950222e-05,0.5600270279536134,0.0,0.0,0.0,0.0,0.2323296090535114,0.5600270279536134,0.9999999999999922,18.1,509.2
aleja_krasinskiego,2020,7,46.27,50.0573,19.91,0.1359814193621887,0.1482279841404964,0.0,0.155733942643514,2.962590017950222e-05,0.5600270279536134,0.0,0.0,0.0,0.0,0.2323296090535114,0.5600270279536134,0.9999999999999922,19.14,542.3
aleja_krasinskiego,2020,8,50.89,50.0573,19.91,0.1359814193621887,0.1482279841404964,0.0,0.155733942643514,2.962590017950222e-05,0.5600270279536134,0.0,0.0,0.0,0.0,0.2323296090535114,0.5600270279536134,0.9999999999999922,20.86,562.5
aleja_krasinskiego,2020,9,55.07,50.0573,19.91,0.1359814193621887,0.1482279841404964,0.0,0.155733942643514,2.962590017950222e-05,0.5600270279536134,0.0,0.0,0.0,0.0,0.2323296090535114,0.5600270279536134,0.9999999999999922,15.65,378.8
aleja_krasinskiego,2020,10,70.9,50.0573,19.91,0.1359814193621887,0.1482279841404964,0.0,0.155733942643514,2.962590017950222e-05,0.5600270279536134,0.0,0.0,0.0,0.0,0.2323296090535114,0.5600270279536134,0.9999999999999922,10.74,368.4
aleja_krasinskiego,2020,11,108.0,50.0573,19.91,0.1359814193621887,0.1482279841404964,0.0,0.155733942643514,2.962590017950222e-05,0.5600270279536134,0.0,0.0,0.0,0.0,0.2323296090535114,0.5600270279536134,0.9999999999999922,5.39,265.7
aleja_krasinskiego,2020,12,107.74,50.0573,19.91,0.1359814193621887,0.1482279841404964,0.0,0.155733942643514,2.962590017950222e-05,0.5600270279536134,0.0,0.0,0.0,0.0,0.2323296090535114,0.5600270279536134,0.9999999999999922,1.76,221.6
aleja_krasinskiego,2021,1,98.45,50.0573,19.91,0.1359814193621887,0.1482279841404964,0.0,0.155733942643514,2.962590017950222e-05,0.5600270279536134,0.0,0.0,0.0,0.0,0.2323296090535114,0.5600270279536134,0.9999999999999922,-1.09,334.1
aleja_krasinskiego,2021,2,120.5,50.0573,19.91,0.1359814193621887,0.1482279841404964,0.0,0.155733942643514,2.962590017950222e-05,0.5600270279536134,0.0,0.0,0.0,0.0,0.2323296090535114,0.5600270279536134,0.9999999999999922,-0.94,358.0
aleja_krasinskiego,2021,3,96.42,50.0573,19.91,0.1359814193621887,0.1482279841404964,0.0,0.155733942643514,2.962590017950222e-05,0.5600270279536134,0.0,0.0,0.0,0.0,0.2323296090535114,0.5600270279536134,0.9999999999999922,3.57,535.1
aleja_krasinskiego,2021,4,71.4,50.0573,19.91,0.1359814193621887,0.1482279841404964,0.0,0.155733942643514,2.962590017950222e-05,0.5600270279536134,0.0,0.0,0.0,0.0,0.2323296090535114,0.5600270279536134,0.9999999999999922,6.42,619.2
aleja_krasinskiego,2021,5,46.48,50.0573,19.91,0.1359814193621887,0.1482279841404964,0.0,0.155733942643514,2.962590017950222e-05,0.5600270279536134,0.0,0.0,0.0,0.0,0.2323296090535114,0.5600270279536134,0.9999999999999922,12.59,657.2
aleja_krasinskiego,2021,6,52.73,50.0573,19.91,0.1359814193621887,0.1482279841404964,0.0,0.155733942643514,2.962590017950222e-05,0.5600270279536134,0.0,0.0,0.0,0.0,0.2323296090535114,0.5600270279536134,0.9999999999999922,19.32,564.1
aleja_krasinskiego,2021,7,52.0,50.0573,19.91,0.1359814193621887,0.1482279841404964,0.0,0.155733942643514,2.962590017950222e-05,0.5600270279536134,0.0,0.0,0.0,0.0,0.2323296090535114,0.5600270279536134,0.9999999999999922,21.5,500.9
aleja_krasinskiego,2021,8,39.35,50.0573,19.91,0.1359814193621887,0.1482279841404964,0.0,0.155733942643514,2.962590017950222e-05,0.5600270279536134,0.0,0.0,0.0,0.0,0.2323296090535114,0.5600270279536134,0.9999999999999922,17.69,497.4
aleja_krasinskiego,2021,9,54.33,50.0573,19.91,0.1359814193621887,0.1482279841404964,0.0,0.155733942643514,2.962590017950222e-05,0.5600270279536134,0.0,0.0,0.0,0.0,0.2323296090535114,0.5600270279536134,0.9999999999999922,14.48,463.6
aleja_krasinskiego,2021,10,74.52,50.0573,19.91,0.1359814193621887,0.1482279841404964,0.0,0.155733942643514,2.962590017950222e-05,0.5600270279536134,0.0,0.0,0.0,0.0,0.2323296090535114,0.5600270279536134,0.9999999999999922,9.23,390.5
aleja_krasinskiego,2021,11,85.07,50.0573,19.91,0.1359814193621887,0.1482279841404964,0.0,0.155733942643514,2.962590017950222e-05,0.5600270279536134,0.0,0.0,0.0,0.0,0.2323296090535114,0.5600270279536134,0.9999999999999922,5.29,383.7
aleja_krasinskiego,2021,12,101.28,50.0573,19.91,0.1359814193621887,0.1482279841404964,0.0,0.155733942643514,2.962590017950222e-05,0.5600270279536134,0.0,0.0,0.0,0.0,0.2323296090535114,0.5600270279536134,0.9999999999999922,-0.14,397.5
aleja_krasinskiego,2022,1,75.74,50.0573,19.91,0.1359814193621887,0.1482279841404964,0.0,0.155733942643514,2.962590017950222e-05,0.5600270279536134,0.0,0.0,0.0,0.0,0.2323296090535114,0.5600270279536134,0.9999999999999922,0.48,644.0
aleja_krasinskiego,2022,2,65.64,50.0573,19.91,0.1359814193621887,0.1482279841404964,0.0,0.155733942643514,2.962590017950222e-05,0.5600270279536134,0.0,0.0,0.0,0.0,0.2323296090535114,0.5600270279536134,0.9999999999999922,3.49,750.2
aleja_krasinskiego,2022,3,100.24,50.0573,19.91,0.1359814193621887,0.1482279841404964,0.0,0.155733942643514,2.962590017950222e-05,0.5600270279536134,0.0,0.0,0.0,0.0,0.2323296090535114,0.5600270279536134,0.9999999999999922,2.66,423.3
aleja_krasinskiego,2022,4,64.23,50.0573,19.91,0.1359814193621887,0.1482279841404964,0.0,0.155733942643514,2.962590017950222e-05,0.5600270279536134,0.0,0.0,0.0,0.0,0.2323296090535114,0.5600270279536134,0.9999999999999922,6.86,638.4
aleja_krasinskiego,2022,5,65.23,50.0573,19.91,0.1359814193621887,0.1482279841404964,0.0,0.155733942643514,2.962590017950222e-05,0.5600270279536134,0.0,0.0,0.0,0.0,0.2323296090535114,0.5600270279536134,0.9999999999999922,14.65,633.0
aleja_krasinskiego,2022,8,49.62,50.0573,19.91,0.1359814193621887,0.1482279841404964,0.0,0.155733942643514,2.962590017950222e-05,0.5600270279536134,0.0,0.0,0.0,0.0,0.2323296090535114,0.5600270279536134,0.9999999999999922,20.56,440.8
aleja_krasinskiego,2022,9,44.23,50.0573,19.91,0.1359814193621887,0.1482279841404964,0.0,0.155733942643514,2.962590017950222e-05,0.5600270279536134,0.0,0.0,0.0,0.0,0.2323296090535114,0.5600270279536134,0.9999999999999922,13.32,495.8
aleja_krasinskiego,2022,10,69.45,50.0573,19.91,0.1359814193621887,0.1482279841404964,0.0,0.155733942643514,2.962590017950222e-05,0.5600270279536134,0.0,0.0,0.0,0.0,0.2323296090535114,0.5600270279536134,0.9999999999999922,11.67,338.3
aleja_krasinskiego,2022,11,94.77,50.0573,19.91,0.1359814193621887,0.1482279841404964,0.0,0.155733942643514,2.962590017950222e-05,0.5600270279536134,0.0,0.0,0.0,0.0,0.2323296090535114,0.5600270279536134,0.9999999999999922,4.54,240.5
aleja_krasinskiego,2022,12,97.81,50.0573,19.91,0.1359814193621887,0.1482279841404964,0.0,0.155733942643514,2.962590017950222e-05,0.5600270279536134,0.0,0.0,0.0,0.0,0.2323296090535114,0.5600270279536134,0.9999999999999922,0.3,332.6
aleja_krasinskiego,2023,1,69.19,50.0573,19.91,0.1359814193621887,0.1482279841404964,0.0,0.155733942643514,2.962590017950222e-05,0.5600270279536134,0.0,0.0,0.0,0.0,0.2323296090535114,0.5600270279536134,0.9999999999999922,2.98,423.6
aleja_krasinskiego,2023,2,67.18,50.0573,19.91,0.1359814193621887,0.1482279841404964,0.0,0.155733942643514,2.962590017950222e-05,0.5600270279536134,0.0,0.0,0.0,0.0,0.2323296090535114,0.5600270279536134,0.9999999999999922,1.26,624.7
aleja_krasinskiego,2023,3,74.0,50.0573,19.91,0.1359814193621887,0.1482279841404964,0.0,0.155733942643514,2.962590017950222e-05,0.5600270279536134,0.0,0.0,0.0,0.0,0.2323296090535114,0.5600270279536134,0.9999999999999922,5.71,610.0
aleja_krasinskiego,2023,4,64.77,50.0573,19.91,0.1359814193621887,0.1482279841404964,0.0,0.155733942643514,2.962590017950222e-05,0.5600270279536134,0.0,0.0,0.0,0.0,0.2323296090535114,0.5600270279536134,0.9999999999999922,7.77,566.6
aleja_krasinskiego,2023,5,52.81,50.0573,19.91,0.1359814193621887,0.1482279841404964,0.0,0.155733942643514,2.962590017950222e-05,0.5600270279536134,0.0,0.0,0.0,0.0,0.2323296090535114,0.5600270279536134,0.9999999999999922,12.83,534.1
aleja_krasinskiego,2023,6,54.28,50.0573,19.91,0.1359814193621887,0.1482279841404964,0.0,0.155733942643514,2.962590017950222e-05,0.5600270279536134,0.0,0.0,0.0,0.0,0.2323296090535114,0.5600270279536134,0.9999999999999922,17.88,549.8
aleja_krasinskiego,2023,7,38.61,50.0573,19.91,0.1359814193621887,0.1482279841404964,0.0,0.155733942643514,2.962590017950222e-05,0.5600270279536134,0.0,0.0,0.0,0.0,0.2323296090535114,0.5600270279536134,0.9999999999999922,20.92,585.4
aleja_krasinskiego,2023,8,41.35,50.0573,19.91,0.1359814193621887,0.1482279841404964,0.0,0.155733942643514,2.962590017950222e-05,0.5600270279536134,0.0,0.0,0.0,0.0,0.2323296090535114,0.5600270279536134,0.9999999999999922,20.72,426.7
aleja_krasinskiego,2023,9,49.57,50.0573,19.91,0.1359814193621887,0.1482279841404964,0.0,0.155733942643514,2.962590017950222e-05,0.5600270279536134,0.0,0.0,0.0,0.0,0.2323296090535114,0.5600270279536134,0.9999999999999922,17.89,386.5
aleja_krasinskiego,2023,10,51.29,50.0573,19.91,0.1359814193621887,0.1482279841404964,0.0,0.155733942643514,2.962590017950222e-05,0.5600270279536134,0.0,0.0,0.0,0.0,0.2323296090535114,0.5600270279536134,0.9999999999999922,12.65,474.9
aleja_krasinskiego,2023,11,55.8,50.0573,19.91,0.1359814193621887,0.1482279841404964,0.0,0.155733942643514,2.962590017950222e-05,0.5600270279536134,0.0,0.0,0.0,0.0,0.2323296090535114,0.5600270279536134,0.9999999999999922,5.25,536.6
aleja_krasinskiego,2023,12,79.38,50.0573,19.91,0.1359814193621887,0.1482279841404964,0.0,0.155733942643514,2.962590017950222e-05,0.5600270279536134,0.0,0.0,0.0,0.0,0.2323296090535114,0.5600270279536134,0.9999999999999922,1.98,496.9
aleja_krasinskiego,2024,1,77.67,50.0573,19.91,0.1359814193621887,0.1482279841404964,0.0,0.155733942643514,2.962590017950222e-05,0.5600270279536134,0.0,0.0,0.0,0.0,0.2323296090535114,0.5600270279536134,0.9999999999999922,-0.35,
aleja_krasinskiego,2024,2,64.71,50.0573,19.91,0.1359814193621887,0.1482279841404964,0.0,0.155733942643514,2.962590017950222e-05,0.5600270279536134,0.0,0.0,0.0,0.0,0.2323296090535114,0.5600270279536134,0.9999999999999922,6.66,
aleja_krasinskiego,2024,3,81.84,50.0573,19.91,0.1359814193621887,0.1482279841404964,0.0,0.155733942643514,2.962590017950222e-05,0.5600270279536134,0.0,0.0,0.0,0.0,0.2323296090535114,0.5600270279536134,0.9999999999999922,7.51,
aleja_krasinskiego,2024,4,48.9,50.0573,19.91,0.1359814193621887,0.1482279841404964,0.0,0.155733942643514,2.962590017950222e-05,0.5600270279536134,0.0,0.0,0.0,0.0,0.2323296090535114,0.5600270279536134,0.9999999999999922,11.48,
aleja_krasinskiego,2024,5,40.45,50.0573,19.91,0.1359814193621887,0.1482279841404964,0.0,0.155733942643514,2.962590017950222e-05,0.5600270279536134,0.0,0.0,0.0,0.0,0.2323296090535114,0.5600270279536134,0.9999999999999922,16.54,
aleja_krasinskiego,2024,6,40.47,50.0573,19.91,0.1359814193621887,0.1482279841404964,0.0,0.155733942643514,2.962590017950222e-05,0.5600270279536134,0.0,0.0,0.0,0.0,0.2323296090535114,0.5600270279536134,0.9999999999999922,19.68,
aleja_krasinskiego,2024,7,39.32,50.0573,19.91,0.1359814193621887,0.1482279841404964,0.0,0.155733942643514,2.962590017950222e-05,0.5600270279536134,0.0,0.0,0.0,0.0,0.2323296090535114,0.5600270279536134,0.9999999999999922,21.9,597.0
aleja_krasinskiego,2024,8,42.94,50.0573,19.91,0.1359814193621887,0.1482279841404964,0.0,0.155733942643514,2.962590017950222e-05,0.5600270279536134,0.0,0.0,0.0,0.0,0.2323296090535114,0.5600270279536134,0.9999999999999922,21.23,481.1
aleja_krasinskiego,2024,9,49.1,50.0573,19.91,0.1359814193621887,0.1482279841404964,0.0,0.155733942643514,2.962590017950222e-05,0.5600270279536134,0.0,0.0,0.0,0.0,0.2323296090535114,0.5600270279536134,0.9999999999999922,17.13,481.0
aleja_krasinskiego,2024,10,53.23,50.0573,19.91,0.1359814193621887,0.1482279841404964,0.0,0.155733942643514,2.962590017950222e-05,0.5600270279536134,0.0,0.0,0.0,0.0,0.2323296090535114,0.5600270279536134,0.9999999999999922,10.44,321.7
aleja_krasinskiego,2024,11,70.73,50.0573,19.91,0.1359814193621887,0.1482279841404964,0.0,0.155733942643514,2.962590017950222e-05,0.5600270279536134,0.0,0.0,0.0,0.0,0.2323296090535114,0.5600270279536134,0.9999999999999922,3.8,395.7
aleja_krasinskiego,2024,12,75.24,50.0573,19.91,0.1359814193621887,0.1482279841404964,0.0,0.155733942643514,2.962590017950222e-05,0.5600270279536134,0.0,0.0,0.0,0.0,0.2323296090535114,0.5600270279536134,0.9999999999999922,2.03,350.8
kurdwanow,2019,1,101.75,50.0076,19.9742,0.1708314505129754,0.3988375586200956,0.0,0.1575347020717186,0.0311217890859034,0.0584535479916574,0.1832209517177057,0.0,0.0,0.0,0.4285605931470463,0.2416744997093632,0.8167790482823506,-1.67,517.1
kurdwanow,2019,2,96.96,50.0076,19.9742,0.1708314505129754,0.3988375586200956,0.0,0.1575347020717186,0.0311217890859034,0.0584535479916574,0.1832209517177057,0.0,0.0,0.0,0.4285605931470463,0.2416744997093632,0.8167790482823506,3.01,459.7
kurdwanow,2019,3,70.1,50.0076,19.9742,0.1708314505129754,0.3988375586200956,0.0,0.1575347020717186,0.0311217890859034,0.0584535479916574,0.1832209517177057,0.0,0.0,0.0,0.4285605931470463,0.2416744997093632,0.8167790482823506,6.48,704.5
kurdwanow,2019,4,68.83,50.0076,19.9742,0.1708314505129754,0.3988375586200956,0.0,0.1575347020717186,0.0311217890859034,0.0584535479916574,0.1832209517177057,0.0,0.0,0.0,0.4285605931470463,0.2416744997093632,0.8167790482823506,10.14,596.3
kurdwanow,2019,5,49.97,50.0076,19.9742,0.1708314505129754,0.3988375586200956,0.0,0.1575347020717186,0.0311217890859034,0.0584535479916574,0.1832209517177057,0.0,0.0,0.0,0.4285605931470463,0.2416744997093632,0.8167790482823506,12.49,535.5
kurdwanow,2019,6,48.53,50.0076,19.9742,0.1708314505129754,0.3988375586200956,0.0,0.1575347020717186,0.0311217890859034,0.0584535479916574,0.1832209517177057,0.0,0.0,0.0,0.4285605931470463,0.2416744997093632,0.8167790482823506,21.58,565.8
kurdwanow,2019,7,46.65,50.0076,19.9742,0.1708314505129754,0.3988375586200956,0.0,0.1575347020717186,0.0311217890859034,0.0584535479916574,0.1832209517177057,0.0,0.0,0.0,0.4285605931470463,0.2416744997093632,0.8167790482823506,19.38,677.9
kurdwanow,2019,8,46.0,50.0076,19.9742,0.1708314505129754,0.3988375586200956,0.0,0.1575347020717186,0.0311217890859034,0.0584535479916574,0.1832209517177057,0.0,0.0,0.0,0.4285605931470463,0.2416744997093632,0.8167790482823506,20.44,471.0
kurdwanow,2019,9,52.13,50.0076,19.9742,0.1708314505129754,0.3988375586200956,0.0,0.1575347020717186,0.0311217890859034,0.0584535479916574,0.1832209517177057,0.0,0.0,0.0,0.4285605931470463,0.2416744997093632,0.8167790482823506,15.05,549.3
kurdwanow,2019,10,73.26,50.0076,19.9742,0.1708314505129754,0.3988375586200956,0.0,0.1575347020717186,0.0311217890859034,0.0584535479916574,0.1832209517177057,0.0,0.0,0.0,0.4285605931470463,0.2416744997093632,0.8167790482823506,11.37,342.5
kurdwanow,2019,11,77.93,50.0076,19.9742,0.1708314505129754,0.3988375586200956,0.0,0.1575347020717186,0.0311217890859034,0.0584535479916574,0.1832209517177057,0.0,0.0,0.0,0.4285605931470463,0.2416744997093632,0.8167790482823506,7.07,254.3
kurdwanow,2019,12,87.34,50.0076,19.9742,0.1708314505129754,0.3988375586200956,0.0,0.1575347020717186,0.0311217890859034,0.0584535479916574,0.1832209517177057,0.0,0.0,0.0,0.4285605931470463,0.2416744997093632,0.8167790482823506,3.02,379.0
kurdwanow,2020,1,111.0,50.0076,19.9742,0.1708314505129754,0.3988375586200956,0.0,0.1575347020717186,0.0311217890859034,0.0584535479916574,0.1832209517177057,0.0,0.0,0.0,0.4285605931470463,0.2416744997093632,0.8167790482823506,1.35,349.5
kurdwanow,2020,2,64.8,50.0076,19.9742,0.1708314505129754,0.3988375586200956,0.0,0.1575347020717186,0.0311217890859034,0.0584535479916574,0.1832209517177057,0.0,0.0,0.0,0.4285605931470463,0.2416744997093632,0.8167790482823506,4.32,660.8
kurdwanow,2020,3,62.07,50.0076,19.9742,0.1708314505129754,0.3988375586200956,0.0,0.1575347020717186,0.0311217890859034,0.0584535479916574,0.1832209517177057,0.0,0.0,0.0,0.4285605931470463,0.2416744997093632,0.8167790482823506,5.09,603.5
kurdwanow,2020,6,52.53,50.0076,19.9742,0.1708314505129754,0.3988375586200956,0.0,0.1575347020717186,0.0311217890859034,0.0584535479916574,0.1832209517177057,0.0,0.0,0.0,0.4285605931470463,0.2416744997093632,0.8167790482823506,18.1,509.2
kurdwanow,2020,7,46.27,50.0076,19.9742,0.1708314505129754,0.3988375586200956,0.0,0.1575347020717186,0.0311217890859034,0.0584535479916574,0.1832209517177057,0.0,0.0,0.0,0.4285605931470463,0.2416744997093632,0.8167790482823506,19.14,542.3
kurdwanow,2020,8,50.89,50.0076,19.9742,0.1708314505129754,0.3988375586200956,0.0,0.1575347020717186,0.0311217890859034,0.0584535479916574,0.1832209517177057,0.0,0.0,0.0,0.4285605931470463,0.2416744997093632,0.8167790482823506,20.86,562.5
kurdwanow,2020,9,55.07,50.0076,19.9742,0.1708314505129754,0.3988375586200956,0.0,0.1575347020717186,0.0311217890859034,0.0584535479916574,0.1832209517177057,0.0,0.0,0.0,0.4285605931470463,0.2416744997093632,0.8167790482823506,15.65,378.8
kurdwanow,2020,10,70.9,50.0076,19.9742,0.1708314505129754,0.3988375586200956,0.0,0.1575347020717186,0.0311217890859034,0.0584535479916574,0.1832209517177057,0.0,0.0,0.0,0.4285605931470463,0.2416744997093632,0.8167790482823506,10.74,368.4
kurdwanow,2020,11,108.0,50.0076,19.9742,0.1708314505129754,0.3988375586200956,0.0,0.1575347020717186,0.0311217890859034,0.0584535479916574,0.1832209517177057,0.0,0.0,0.0,0.4285605931470463,0.2416744997093632,0.8167790482823506,5.39,265.7
kurdwanow,2020,12,107.74,50.0076,19.9742,0.1708314505129754,0.3988375586200956,0.0,0.1575347020717186,0.0311217890859034,0.0584535479916574,0.1832209517177057,0.0,0.0,0.0,0.4285605931470463,0.2416744997093632,0.8167790482823506,1.76,221.6
kurdwanow,2021,1,98.45,50.0076,19.9742,0.1708314505129754,0.3988375586200956,0.0,0.1575347020717186,0.0311217890859034,0.0584535479916574,0.1832209517177057,0.0,0.0,0.0,0.4285605931470463,0.2416744997093632,0.8167790482823506,-1.09,334.1
kurdwanow,2021,2,120.5,50.0076,19.9742,0.1708314505129754,0.3988375586200956,0.0,0.1575347020717186,0.0311217890859034,0.0584535479916574,0.1832209517177057,0.0,0.0,0.0,0.4285605931470463,0.2416744997093632,0.8167790482823506,-0.94,358.0
kurdwanow,2021,3,96.42,50.0076,19.9742,0.1708314505129754,0.3988375586200956,0.0,0.1575347020717186,0.0311217890859034,0.0584535479916574,0.1832209517177057,0.0,0.0,0.0,0.4285605931470463,0.2416744997093632,0.8167790482823506,3.57,535.1
kurdwanow,2021,4,71.4,50.0076,19.9742,0.1708314505129754,0.3988375586200956,0.0,0.1575347020717186,0.0311217890859034,0.0584535479916574,0.1832209517177057,0.0,0.0,0.0,0.4285605931470463,0.2416744997093632,0.8167790482823506,6.42,619.2
kurdwanow,2021,5,46.48,50.0076,19.9742,0.1708314505129754,0.3988375586200956,0.0,0.1575347020717186,0.0311217890859034,0.0584535479916574,0.1832209517177057,0.0,0.0,0.0,0.4285605931470463,0.2416744997093632,0.8167790482823506,12.59,657.2
kurdwanow,2021,6,52.73,50.0076,19.9742,0.1708314505129754,0.3988375586200956,0.0,0.1575347020717186,0.0311217890859034,0.0584535479916574,0.1832209517177057,0.0,0.0,0.0,0.4285605931470463,0.2416744997093632,0.8167790482823506,19.32,564.1
kurdwanow,2021,7,52.0,50.0076,19.9742,0.1708314505129754,0.3988375586200956,0.0,0.1575347020717186,0.0311217890859034,0.0584535479916574,0.1832209517177057,0.0,0.0,0.0,0.4285605931470463,0.2416744997093632,0.8167790482823506,21.5,500.9
kurdwanow,2021,8,39.35,50.0076,19.9742,0.1708314505129754,0.3988375586200956,0.0,0.1575347020717186,0.0311217890859034,0.0584535479916574,0.1832209517177057,0.0,0.0,0.0,0.4285605931470463,0.2416744997093632,0.8167790482823506,17.69,497.4
kurdwanow,2021,9,54.33,50.0076,19.9742,0.1708314505129754,0.3988375586200956,0.0,0.1575347020717186,0.0311217890859034,0.0584535479916574,0.1832209517177057,0.0,0.0,0.0,0.4285605931470463,0.2416744997093632,0.8167790482823506,14.48,463.6
kurdwanow,2021,10,74.8,50.0076,19.9742,0.1708314505129754,0.3988375586200956,0.0,0.1575347020717186,0.0311217890859034,0.0584535479916574,0.1832209517177057,0.0,0.0,0.0,0.4285605931470463,0.2416744997093632,0.8167790482823506,9.23,390.5
kurdwanow,2021,11,85.07,50.0076,19.9742,0.1708314505129754,0.3988375586200956,0.0,0.1575347020717186,0.0311217890859034,0.0584535479916574,0.1832209517177057,0.0,0.0,0.0,0.4285605931470463,0.2416744997093632,0.8167790482823506,5.29,383.7
kurdwanow,2021,12,101.28,50.0076,19.9742,0.1708314505129754,0.3988375586200956,0.0,0.1575347020717186,0.0311217890859034,0.0584535479916574,0.1832209517177057,0.0,0.0,0.0,0.4285605931470463,0.2416744997093632,0.8167790482823506,-0.14,397.5
kurdwanow,2022,1,75.74,50.0076,19.9742,0.1708314505129754,0.3988375586200956,0.0,0.1575347020717186,0.0311217890859034,0.0584535479916574,0.1832209517177057,0.0,0.0,0.0,0.4285605931470463,0.2416744997093632,0.8167790482823506,0.48,644.0
kurdwanow,2022,2,65.64,50.0076,19.9742,0.1708314505129754,0.3988375586200956,0.0,0.1575347020717186,0.0311217890859034,0.0584535479916574,0.1832209517177057,0.0,0.0,0.0,0.4285605931470463,0.2416744997093632,0.8167790482823506,3.49,750.2
kurdwanow,2022,3,100.24,50.0076,19.9742,0.1708314505129754,0.3988375586200956,0.0,0.1575347020717186,0.0311217890859034,0.0584535479916574,0.1832209517177057,0.0,0.0,0.0,0.4285605931470463,0.2416744997093632,0.8167790482823506,2.66,423.3
kurdwanow,2022,4,64.23,50.0076,19.9742,0.1708314505129754,0.3988375586200956,0.0,0.1575347020717186,0.0311217890859034,0.0584535479916574,0.1832209517177057,0.0,0.0,0.0,0.4285605931470463,0.2416744997093632,0.8167790482823506,6.86,638.4
kurdwanow,2022,5,65.23,50.0076,19.9742,0.1708314505129754,0.3988375586200956,0.0,0.1575347020717186,0.0311217890859034,0.0584535479916574,0.1832209517177057,0.0,0.0,0.0,0.4285605931470463,0.2416744997093632,0.8167790482823506,14.65,633.0
kurdwanow,2022,8,49.62,50.0076,19.9742,0.1708314505129754,0.3988375586200956,0.0,0.1575347020717186,0.0311217890859034,0.0584535479916574,0.1832209517177057,0.0,0.0,0.0,0.4285605931470463,0.2416744997093632,0.8167790482823506,20.56,440.8
kurdwanow,2022,9,44.23,50.0076,19.9742,0.1708314505129754,0.3988375586200956,0.0,0.1575347020717186,0.0311217890859034,0.0584535479916574,0.1832209517177057,0.0,0.0,0.0,0.4285605931470463,0.2416744997093632,0.8167790482823506,13.32,495.8
kurdwanow,2022,10,69.45,50.0076,19.9742,0.1708314505129754,0.3988375586200956,0.0,0.1575347020717186,0.0311217890859034,0.0584535479916574,0.1832209517177057,0.0,0.0,0.0,0.4285605931470463,0.2416744997093632,0.8167790482823506,11.67,338.3
kurdwanow,2022,11,94.77,50.0076,19.9742,0.1708314505129754,0.3988375586200956,0.0,0.1575347020717186,0.0311217890859034,0.0584535479916574,0.1832209517177057,0.0,0.0,0.0,0.4285605931470463,0.2416744997093632,0.8167790482823506,4.54,240.5
kurdwanow,2022,12,97.81,50.0076,19.9742,0.1708314505129754,0.3988375586200956,0.0,0.1575347020717186,0.0311217890859034,0.0584535479916574,0.1832209517177057,0.0,0.0,0.0,0.4285605931470463,0.2416744997093632,0.8167790482823506,0.3,332.6
kurdwanow,2023,1,69.19,50.0076,19.9742,0.1708314505129754,0.3988375586200956,0.0,0.1575347020717186,0.0311217890859034,0.0584535479916574,0.1832209517177057,0.0,0.0,0.0,0.4285605931470463,0.2416744997093632,0.8167790482823506,2.98,423.6
kurdwanow,2023,2,67.18,50.0076,19.9742,0.1708314505129754,0.3988375586200956,0.0,0.1575347020717186,0.0311217890859034,0.0584535479916574,0.1832209517177057,0.0,0.0,0.0,0.4285605931470463,0.2416744997093632,0.8167790482823506,1.26,624.7
kurdwanow,2023,3,74.0,50.0076,19.9742,0.1708314505129754,0.3988375586200956,0.0,0.1575347020717186,0.0311217890859034,0.0584535479916574,0.1832209517177057,0.0,0.0,0.0,0.4285605931470463,0.2416744997093632,0.8167790482823506,5.71,610.0
kurdwanow,2023,4,64.77,50.0076,19.9742,0.1708314505129754,0.3988375586200956,0.0,0.1575347020717186,0.0311217890859034,0.0584535479916574,0.1832209517177057,0.0,0.0,0.0,0.4285605931470463,0.2416744997093632,0.8167790482823506,7.77,566.6
kurdwanow,2023,5,52.81,50.0076,19.9742,0.1708314505129754,0.3988375586200956,0.0,0.1575347020717186,0.0311217890859034,0.0584535479916574,0.1832209517177057,0.0,0.0,0.0,0.4285605931470463,0.2416744997093632,0.8167790482823506,12.83,534.1
kurdwanow,2023,6,54.28,50.0076,19.9742,0.1708314505129754,0.3988375586200956,0.0,0.1575347020717186,0.0311217890859034,0.0584535479916574,0.1832209517177057,0.0,0.0,0.0,0.4285605931470463,0.2416744997093632,0.8167790482823506,17.88,549.8
kurdwanow,2023,7,38.61,50.0076,19.9742,0.1708314505129754,0.3988375586200956,0.0,0.1575347020717186,0.0311217890859034,0.0584535479916574,0.1832209517177057,0.0,0.0,0.0,0.4285605931470463,0.2416744997093632,0.8167790482823506,20.92,585.4
kurdwanow,2023,8,41.35,50.0076,19.9742,0.1708314505129754,0.3988375586200956,0.0,0.1575347020717186,0.0311217890859034,0.0584535479916574,0.1832209517177057,0.0,0.0,0.0,0.4285605931470463,0.2416744997093632,0.8167790482823506,20.72,426.7
kurdwanow,2023,9,49.57,50.0076,19.9742,0.1708314505129754,0.3988375586200956,0.0,0.1575347020717186,0.0311217890859034,0.0584535479916574,0.1832209517177057,0.0,0.0,0.0,0.4285605931470463,0.2416744997093632,0.8167790482823506,17.89,386.5
kurdwanow,2023,10,51.29,50.0076,19.9742,0.1708314505129754,0.3988375586200956,0.0,0.1575347020717186,0.0311217890859034,0.0584535479916574,0.1832209517177057,0.0,0.0,0.0,0.4285605931470463,0.2416744997093632,0.8167790482823506,12.65,474.9
kurdwanow,2023,11,55.8,50.0076,19.9742,0.1708314505129754,0.3988375586200956,0.0,0.1575347020717186,0.0311217890859034,0.0584535479916574,0.1832209517177057,0.0,0.0,0.0,0.4285605931470463,0.2416744997093632,0.8167790482823506,5.25,536.6
kurdwanow,2023,12,79.38,50.0076,19.9742,0.1708314505129754,0.3988375586200956,0.0,0.1575347020717186,0.0311217890859034,0.0584535479916574,0.1832209517177057,0.0,0.0,0.0,0.4285605931470463,0.2416744997093632,0.8167790482823506,1.98,496.9
kurdwanow,2024,1,77.67,50.0076,19.9742,0.1708314505129754,0.3988375586200956,0.0,0.1575347020717186,0.0311217890859034,0.0584535479916574,0.1832209517177057,0.0,0.0,0.0,0.4285605931470463,0.2416744997093632,0.8167790482823506,-0.35,
kurdwanow,2024,2,64.71,50.0076,19.9742,0.1708314505129754,0.3988375586200956,0.0,0.1575347020717186,0.0311217890859034,0.0584535479916574,0.1832209517177057,0.0,0.0,0.0,0.4285605931470463,0.2416744997093632,0.8167790482823506,6.66,
kurdwanow,2024,3,81.84,50.0076,19.9742,0.1708314505129754,0.3988375586200956,0.0,0.1575347020717186,0.0311217890859034,0.0584535479916574,0.1832209517177057,0.0,0.0,0.0,0.4285605931470463,0.2416744997093632,0.8167790482823506,7.51,
kurdwanow,2024,4,48.9,50.0076,19.9742,0.1708314505129754,0.3988375586200956,0.0,0.1575347020717186,0.0311217890859034,0.0584535479916574,0.1832209517177057,0.0,0.0,0.0,0.4285605931470463,0.2416744997093632,0.8167790482823506,11.48,
kurdwanow,2024,5,40.45,50.0076,19.9742,0.1708314505129754,0.3988375586200956,0.0,0.1575347020717186,0.0311217890859034,0.0584535479916574,0.1832209517177057,0.0,0.0,0.0,0.4285605931470463,0.2416744997093632,0.8167790482823506,16.54,
kurdwanow,2024,6,40.47,50.0076,19.9742,0.1708314505129754,0.3988375586200956,0.0,0.1575347020717186,0.0311217890859034,0.0584535479916574,0.1832209517177057,0.0,0.0,0.0,0.4285605931470463,0.2416744997093632,0.8167790482823506,19.68,
kurdwanow,2024,7,39.39,50.0076,19.9742,0.1708314505129754,0.3988375586200956,0.0,0.1575347020717186,0.0311217890859034,0.0584535479916574,0.1832209517177057,0.0,0.0,0.0,0.4285605931470463,0.2416744997093632,0.8167790482823506,21.9,597.0
kurdwanow,2024,8,42.94,50.0076,19.9742,0.1708314505129754,0.3988375586200956,0.0,0.1575347020717186,0.0311217890859034,0.0584535479916574,0.1832209517177057,0.0,0.0,0.0,0.4285605931470463,0.2416744997093632,0.8167790482823506,21.23,481.1
kurdwanow,2024,9,49.1,50.0076,19.9742,0.1708314505129754,0.3988375586200956,0.0,0.1575347020717186,0.0311217890859034,0.0584535479916574,0.1832209517177057,0.0,0.0,0.0,0.4285605931470463,0.2416744997093632,0.8167790482823506,17.13,481.0
kurdwanow,2024,10,53.23,50.0076,19.9742,0.1708314505129754,0.3988375586200956,0.0,0.1575347020717186,0.0311217890859034,0.0584535479916574,0.1832209517177057,0.0,0.0,0.0,0.4285605931470463,0.2416744997093632,0.8167790482823506,10.44,321.7
kurdwanow,2024,11,70.73,50.0076,19.9742,0.1708314505129754,0.3988375586200956,0.0,0.1575347020717186,0.0311217890859034,0.0584535479916574,0.1832209517177057,0.0,0.0,0.0,0.4285605931470463,0.2416744997093632,0.8167790482823506,3.8,395.7
kurdwanow,2024,12,75.24,50.0076,19.9742,0.1708314505129754,0.3988375586200956,0.0,0.1575347020717186,0.0311217890859034,0.0584535479916574,0.1832209517177057,0.0,0.0,0.0,0.4285605931470463,0.2416744997093632,0.8167790482823506,2.03,350.8
nowa_huta,2019,1,92.92,50.0683,20.053,0.2244763295876952,0.1164466716779851,0.0,0.2320063713367706,0.0,0.3736009788762732,0.0534696485212377,0.0,0.0,0.0,0.3001666661783855,0.427070627397511,0.9465303514787244,-1.56,517.1
nowa_huta,2019,2,86.11,50.0683,20.053,0.2244763295876952,0.1164466716779851,0.0,0.2320063713367706,0.0,0.3736009788762732,0.0534696485212377,0.0,0.0,0.0,0.3001666661783855,0.427070627397511,0.9465303514787244,3.09,459.7
nowa_huta,2019,3,61.9,50.0683,20.053,0.2244763295876952,0.1164466716779851,0.0,0.2320063713367706,0.0,0.3736009788762732,0.0534696485212377,0.0,0.0,0.0,0.3001666661783855,0.427070627397511,0.9465303514787244,6.53,704.5
nowa_huta,2019,4,61.83,50.0683,20.053,0.2244763295876952,0.1164466716779851,0.0,0.2320063713367706,0.0,0.3736009788762732,0.0534696485212377,0.0,0.0,0.0,0.3001666661783855,0.427070627397511,0.9465303514787244,10.18,596.3
nowa_huta,2019,5,40.65,50.0683,20.053,0.2244763295876952,0.1164466716779851,0.0,0.2320063713367706,0.0,0.3736009788762732,0.0534696485212377,0.0,0.0,0.0,0.3001666661783855,0.427070627397511,0.9465303514787244,12.6,535.5
nowa_huta,2019,6,44.67,50.0683,20.053,0.2244763295876952,0.1164466716779851,0.0,0.2320063713367706,0.0,0.3736009788762732,0.0534696485212377,0.0,0.0,0.0,0.3001666661783855,0.427070627397511,0.9465303514787244,21.66,565.8
nowa_huta,2019,7,44.81,50.0683,20.053,0.2244763295876952,0.1164466716779851,0.0,0.2320063713367706,0.0,0.3736009788762732,0.0534696485212377,0.0,0.0,0.0,0.3001666661783855,0.427070627397511,0.9465303514787244,19.46,677.9
nowa_huta,2019,8,53.65,50.0683,20.053,0.2244763295876952,0.1164466716779851,0.0,0.2320063713367706,0.0,0.3736009788762732,0.0534696485212377,0.0,0.0,0.0,0.3001666661783855,0.427070627397511,0.9465303514787244,20.52,471.0
nowa_huta,2019,9,50.13,50.0683,20.053,0.2244763295876952,0.1164466716779851,0.0,0.2320063713367706,0.0,0.3736009788762732,0.0534696485212377,0.0,0.0,0.0,0.3001666661783855,0.427070627397511,0.9465303514787244,15.16,549.3
nowa_huta,2019,10,71.81,50.0683,20.053,0.2244763295876952,0.1164466716779851,0.0,0.2320063713367706,0.0,0.3736009788762732,0.0534696485212377,0.0,0.0,0.0,0.3001666661783855,0.427070627397511,0.9465303514787244,11.27,342.5
nowa_huta,2019,11,82.57,50.0683,20.053,0.2244763295876952,0.1164466716779851,0.0,0.2320063713367706,0.0,0.3736009788762732,0.0534696485212377,0.0,0.0,0.0,0.3001666661783855,0.427070627397511,0.9465303514787244,7.08,254.3
nowa_huta,2019,12,82.17,50.0683,20.053,0.2244763295876952,0.1164466716779851,0.0,0.2320063713367706,0.0,0.3736009788762732,0.0534696485212377,0.0,0.0,0.0,0.3001666661783855,0.427070627397511,0.9465303514787244,3.02,379.0
nowa_huta,2020,1,98.45,50.0683,20.053,0.2244763295876952,0.1164466716779851,0.0,0.2320063713367706,0.0,0.3736009788762732,0.0534696485212377,0.0,0.0,0.0,0.3001666661783855,0.427070627397511,0.9465303514787244,1.43,349.5
nowa_huta,2020,2,49.28,50.0683,20.053,0.2244763295876952,0.1164466716779851,0.0,0.2320063713367706,0.0,0.3736009788762732,0.0534696485212377,0.0,0.0,0.0,0.3001666661783855,0.427070627397511,0.9465303514787244,4.35,660.8
nowa_huta,2020,3,53.71,50.0683,20.053,0.2244763295876952,0.1164466716779851,0.0,0.2320063713367706,0.0,0.3736009788762732,0.0534696485212377,0.0,0.0,0.0,0.3001666661783855,0.427070627397511,0.9465303514787244,5.11,603.5
nowa_huta,2020,6,42.23,50.0683,20.053,0.2244763295876952,0.1164466716779851,0.0,0.2320063713367706,0.0,0.3736009788762732,0.0534696485212377,0.0,0.0,0.0,0.3001666661783855,0.427070627397511,0.9465303514787244,18.18,509.2
nowa_huta,2020,7,37.32,50.0683,20.053,0.2244763295876952,0.1164466716779851,0.0,0.2320063713367706,0.0,0.3736009788762732,0.0534696485212377,0.0,0.0,0.0,0.3001666661783855,0.427070627397511,0.9465303514787244,19.27,542.3
nowa_huta,2020,8,43.94,50.0683,20.053,0.2244763295876952,0.1164466716779851,0.0,0.2320063713367706,0.0,0.3736009788762732,0.0534696485212377,0.0,0.0,0.0,0.3001666661783855,0.427070627397511,0.9465303514787244,20.98,562.5
nowa_huta,2020,9,47.55,50.0683,20.053,0.2244763295876952,0.1164466716779851,0.0,0.2320063713367706,0.0,0.3736009788762732,0.0534696485212377,0.0,0.0,0.0,0.3001666661783855,0.427070627397511,0.9465303514787244,15.72,378.8
nowa_huta,2020,10,61.21,50.0683,20.053,0.2244763295876952,0.1164466716779851,0.0,0.2320063713367706,0.0,0.3736009788762732,0.0534696485212377,0.0,0.0,0.0,0.3001666661783855,0.427070627397511,0.9465303514787244,10.76,368.4
nowa_huta,2020,11,93.17,50.0683,20.053,0.2244763295876952,0.1164466716779851,0.0,0.2320063713367706,0.0,0.3736009788762732,0.0534696485212377,0.0,0.0,0.0,0.3001666661783855,0.427070627397511,0.9465303514787244,5.41,265.7
nowa_huta,2020,12,98.61,50.0683,20.053,0.2244763295876952,0.1164466716779851,0.0,0.2320063713367706,0.0,0.3736009788762732,0.0534696485212377,0.0,0.0,0.0,0.3001666661783855,0.427070627397511,0.9465303514787244,1.81,221.6
nowa_huta,2021,1,97.03,50.0683,20.053,0.2244763295876952,0.1164466716779851,0.0,0.2320063713367706,0.0,0.3736009788762732,0.0534696485212377,0.0,0.0,0.0,0.3001666661783855,0.427070627397511,0.9465303514787244,-1.11,334.1
nowa_huta,2021,2,118.04,50.0683,20.053,0.2244763295876952,0.1164466716779851,0.0,0.2320063713367706,0.0,0.3736009788762732,0.0534696485212377,0.0,0.0,0.0,0.3001666661783855,0.427070627397511,0.9465303514787244,-0.88,358.0
nowa_huta,2021,3,88.26,50.0683,20.053,0.2244763295876952,0.1164466716779851,0.0,0.2320063713367706,0.0,0.3736009788762732,0.0534696485212377,0.0,0.0,0.0,0.3001666661783855,0.427070627397511,0.9465303514787244,3.64,535.1
nowa_huta,2021,4,64.43,50.0683,20.053,0.2244763295876952,0.1164466716779851,0.0,0.2320063713367706,0.0,0.3736009788762732,0.0534696485212377,0.0,0.0,0.0,0.3001666661783855,0.427070627397511,0.9465303514787244,6.47,619.2
nowa_huta,2021,5,40.13,50.0683,20.053,0.2244763295876952,0.1164466716779851,0.0,0.2320063713367706,0.0,0.3736009788762732,0.0534696485212377,0.0,0.0,0.0,0.3001666661783855,0.427070627397511,0.9465303514787244,12.69,657.2
nowa_huta,2021,6,50.03,50.0683,20.053,0.2244763295876952,0.1164466716779851,0.0,0.2320063713367706,0.0,0.3736009788762732,0.0534696485212377,0.0,0.0,0.0,0.3001666661783855,0.427070627397511,0.9465303514787244,19.57,564.1
nowa_huta,2021,7,51.61,50.0683,20.053,0.2244763295876952,0.1164466716779851,0.0,0.2320063713367706,0.0,0.3736009788762732,0.0534696485212377,0.0,0.0,0.0,0.3001666661783855,0.427070627397511,0.9465303514787244,21.61,500.9
nowa_huta,2021,8,36.67,50.0683,20.053,0.2244763295876952,0.1164466716779851,0.0,0.2320063713367706,0.0,0.3736009788762732,0.0534696485212377,0.0,0.0,0.0,0.3001666661783855,0.427070627397511,0.9465303514787244,17.81,497.4
nowa_huta,2021,9,58.03,50.0683,20.053,0.2244763295876952,0.1164466716779851,0.0,0.2320063713367706,0.0,0.3736009788762732,0.0534696485212377,0.0,0.0,0.0,0.3001666661783855,0.427070627397511,0.9465303514787244,14.5,463.6
nowa_huta,2021,10,75.81,50.0683,20.053,0.2244763295876952,0.1164466716779851,0.0,0.2320063713367706,0.0,0.3736009788762732,0.0534696485212377,0.0,0.0,0.0,0.3001666661783855,0.427070627397511,0.9465303514787244,9.16,390.5
nowa_huta,2021,11,86.45,50.0683,20.053,0.2244763295876952,0.1164466716779851,0.0,0.2320063713367706,0.0,0.3736009788762732,0.0534696485212377,0.0,0.0,0.0,0.3001666661783855,0.427070627397511,0.9465303514787244,5.18,383.7
nowa_huta,2021,12,99.28,50.0683,20.053,0.2244763295876952,0.1164466716779851,0.0,0.2320063713367706,0.0,0.3736009788762732,0.0534696485212377,0.0,0.0,0.0,0.3001666661783855,0.427070627397511,0.9465303514787244,-0.09,397.5
nowa_huta,2022,1,61.84,50.0683,20.053,0.2244763295876952,0.1164466716779851,0.0,0.2320063713367706,0.0,0.3736009788762732,0.0534696485212377,0.0,0.0,0.0,0.3001666661783855,0.427070627397511,0.9465303514787244,0.59,644.0
nowa_huta,2022,2,47.89,50.0683,20.053,0.2244763295876952,0.1164466716779851,0.0,0.2320063713367706,0.0,0.3736009788762732,0.0534696485212377,0.0,0.0,0.0,0.3001666661783855,0.427070627397511,0.9465303514787244,3.52,750.2
nowa_huta,2022,3,91.83,50.0683,20.053,0.2244763295876952,0.1164466716779851,0.0,0.2320063713367706,0.0,0.3736009788762732,0.0534696485212377,0.0,0.0,0.0,0.3001666661783855,0.427070627397511,0.9465303514787244,2.65,423.3
nowa_huta,2022,4,53.4,50.0683,20.053,0.2244763295876952,0.1164466716779851,0.0,0.2320063713367706,0.0,0.3736009788762732,0.0534696485212377,0.0,0.0,0.0,0.3001666661783855,0.427070627397511,0.9465303514787244,6.91,638.4
nowa_huta,2022,5,39.48,50.0683,20.053,0.2244763295876952,0.1164466716779851,0.0,0.2320063713367706,0.0,0.3736009788762732,0.0534696485212377,0.0,0.0,0.0,0.3001666661783855,0.427070627397511,0.9465303514787244,14.73,633.0
nowa_huta,2022,6,40.43,50.0683,20.053,0.2244763295876952,0.1164466716779851,0.0,0.2320063713367706,0.0,0.3736009788762732,0.0534696485212377,0.0,0.0,0.0,0.3001666661783855,0.427070627397511,0.9465303514787244,19.67,618.5
nowa_huta,2022,7,32.26,50.0683,20.053,0.2244763295876952,0.1164466716779851,0.0,0.2320063713367706,0.0,0.3736009788762732,0.0534696485212377,0.0,0.0,0.0,0.3001666661783855,0.427070627397511,0.9465303514787244,19.64,617.6
nowa_huta,2022,8,41.97,50.0683,20.053,0.2244763295876952,0.1164466716779851,0.0,0.2320063713367706,0.0,0.3736009788762732,0.0534696485212377,0.0,0.0,0.0,0.3001666661783855,0.427070627397511,0.9465303514787244,20.69,440.8
nowa_huta,2022,9,38.43,50.0683,20.053,0.2244763295876952,0.1164466716779851,0.0,0.2320063713367706,0.0,0.3736009788762732,0.0534696485212377,0.0,0.0,0.0,0.3001666661783855,0.427070627397511,0.9465303514787244,13.41,495.8
nowa_huta,2022,10,59.9,50.0683,20.053,0.2244763295876952,0.1164466716779851,0.0,0.2320063713367706,0.0,0.3736009788762732,0.0534696485212377,0.0,0.0,0.0,0.3001666661783855,0.427070627397511,0.9465303514787244,11.73,338.3
nowa_huta,2022,11,86.53,50.0683,20.053,0.2244763295876952,0.1164466716779851,0.0,0.2320063713367706,0.0,0.3736009788762732,0.0534696485212377,0.0,0.0,0.0,0.3001666661783855,0.427070627397511,0.9465303514787244,4.58,240.5
nowa_huta,2022,12,91.39,50.0683,20.053,0.2244763295876952,0.1164466716779851,0.0,0.2320063713367706,0.0,0.3736009788762732,0.0534696485212377,0.0,0.0,0.0,0.3001666661783855,0.427070627397511,0.9465303514787244,0.26,332.6
nowa_huta,2023,1,67.61,50.0683,20.053,0.2244763295876952,0.1164466716779851,0.0,0.2320063713367706,0.0,0.3736009788762732,0.0534696485212377,0.0,0.0,0.0,0.3001666661783855,0.427070627397511,0.9465303514787244,3.02,423.6
nowa_huta,2023,2,68.57,50.0683,20.053,0.2244763295876952,0.1164466716779851,0.0,0.2320063713367706,0.0,0.3736009788762732,0.0534696485212377,0.0,0.0,0.0,0.3001666661783855,0.427070627397511,0.9465303514787244,1.53,624.7
nowa_huta,2023,3,63.42,50.0683,20.053,0.2244763295876952,0.1164466716779851,0.0,0.2320063713367706,0.0,0.3736009788762732,0.0534696485212377,0.0,0.0,0.0,0.3001666661783855,0.427070627397511,0.9465303514787244,5.69,610.0
nowa_huta,2023,4,57.03,50.0683,20.053,0.2244763295876952,0.1164466716779851,0.0,0.2320063713367706,0.0,0.3736009788762732,0.0534696485212377,0.0,0.0,0.0,0.3001666661783855,0.427070627397511,0.9465303514787244,7.78,566.6
nowa_huta,2023,5,43.52,50.0683,20.053,0.2244763295876952,0.1164466716779851,0.0,0.2320063713367706,0.0,0.3736009788762732,0.0534696485212377,0.0,0.0,0.0,0.3001666661783855,0.427070627397511,0.9465303514787244,12.89,534.1
nowa_huta,2023,6,46.29,50.0683,20.053,0.2244763295876952,0.1164466716779851,0.0,0.2320063713367706,0.0,0.3736009788762732,0.0534696485212377,0.0,0.0,0.0,0.3001666661783855,0.427070627397511,0.9465303514787244,17.85,549.8
nowa_huta,2023,7,43.97,50.0683,20.053,0.2244763295876952,0.1164466716779851,0.0,0.2320063713367706,0.0,0.3736009788762732,0.0534696485212377,0.0,0.0,0.0,0.3001666661783855,0.427070627397511,0.9465303514787244,20.93,585.4
nowa_huta,2023,8,57.87,50.0683,20.053,0.2244763295876952,0.1164466716779851,0.0,0.2320063713367706,0.0,0.3736009788762732,0.0534696485212377,0.0,0.0,0.0,0.3001666661783855,0.427070627397511,0.9465303514787244,20.8,426.7
nowa_huta,2023,9,71.97,50.0683,20.053,0.2244763295876952,0.1164466716779851,0.0,0.2320063713367706,0.0,0.3736009788762732,0.0534696485212377,0.0,0.0,0.0,0.3001666661783855,0.427070627397511,0.9465303514787244,17.99,386.5
nowa_huta,2023,10,61.94,50.0683,20.053,0.2244763295876952,0.1164466716779851,0.0,0.2320063713367706,0.0,0.3736009788762732,0.0534696485212377,0.0,0.0,0.0,0.3001666661783855,0.427070627397511,0.9465303514787244,12.69,474.9
nowa_huta,2023,11,59.73,50.0683,20.053,0.2244763295876952,0.1164466716779851,0.0,0.2320063713367706,0.0,0.3736009788762732,0.0534696485212377,0.0,0.0,0.0,0.3001666661783855,0.427070627397511,0.9465303514787244,5.27,536.6
nowa_huta,2023,12,81.93,50.0683,20.053,0.2244763295876952,0.1164466716779851,0.0,0.2320063713367706,0.0,0.3736009788762732,0.0534696485212377,0.0,0.0,0.0,0.3001666661783855,0.427070627397511,0.9465303514787244,1.88,496.9
nowa_huta,2024,1,83.04,50.0683,20.053,0.2244763295876952,0.1164466716779851,0.0,0.2320063713367706,0.0,0.3736009788762732,0.0534696485212377,0.0,0.0,0.0,0.3001666661783855,0.427070627397511,0.9465303514787244,-0.33,
nowa_huta,2024,2,65.62,50.0683,20.053,0.2244763295876952,0.1164466716779851,0.0,0.2320063713367706,0.0,0.3736009788762732,0.0534696485212377,0.0,0.0,0.0,0.3001666661783855,0.427070627397511,0.9465303514787244,6.63,
nowa_huta,2024,3,76.84,50.0683,20.053,0.2244763295876952,0.1164466716779851,0.0,0.2320063713367706,0.0,0.3736009788762732,0.0534696485212377,0.0,0.0,0.0,0.3001666661783855,0.427070627397511,0.9465303514787244,7.53,
nowa_huta,2024,4,48.83,50.0683,20.053,0.2244763295876952,0.1164466716779851,0.0,0.2320063713367706,0.0,0.3736009788762732,0.0534696485212377,0.0,0.0,0.0,0.3001666661783855,0.427070627397511,0.9465303514787244,11.54,
nowa_huta,2024,5,40.42,50.0683,20.053,0.2244763295876952,0.1164466716779851,0.0,0.2320063713367706,0.0,0.3736009788762732,0.0534696485212377,0.0,0.0,0.0,0.3001666661783855,0.427070627397511,0.9465303514787244,16.65,
nowa_huta,2024,6,43.53,50.0683,20.053,0.2244763295876952,0.1164466716779851,0.0,0.2320063713367706,0.0,0.3736009788762732,0.0534696485212377,0.0,0.0,0.0,0.3001666661783855,0.427070627397511,0.9465303514787244,19.81,
nowa_huta,2024,7,42.58,50.0683,20.053,0.2244763295876952,0.1164466716779851,0.0,0.2320063713367706,0.0,0.3736009788762732,0.0534696485212377,0.0,0.0,0.0,0.3001666661783855,0.427070627397511,0.9465303514787244,22.03,597.0
nowa_huta,2024,8,47.84,50.0683,20.053,0.2244763295876952,0.1164466716779851,0.0,0.2320063713367706,0.0,0.3736009788762732,0.0534696485212377,0.0,0.0,0.0,0.3001666661783855,0.427070627397511,0.9465303514787244,21.37,481.1
nowa_huta,2024,9,55.0,50.0683,20.053,0.2244763295876952,0.1164466716779851,0.0,0.2320063713367706,0.0,0.3736009788762732,0.0534696485212377,0.0,0.0,0.0,0.3001666661783855,0.427070627397511,0.9465303514787244,17.25,484.8
nowa_huta,2024,10,60.1,50.0683,20.053,0.2244763295876952,0.1164466716779851,0.0,0.2320063713367706,0.0,0.3736009788762732,0.0534696485212377,0.0,0.0,0.0,0.3001666661783855,0.427070627397511,0.9465303514787244,10.4,315.7
nowa_huta,2024,11,69.6,50.0683,20.053,0.2244763295876952,0.1164466716779851,0.0,0.2320063713367706,0.0,0.3736009788762732,0.0534696485212377,0.0,0.0,0.0,0.3001666661783855,0.427070627397511,0.9465303514787244,3.68,392.5
nowa_huta,2024,12,67.0,50.0683,20.053,0.2244763295876952,0.1164466716779851,0.0,0.2320063713367706,0.0,0.3736009788762732,0.0534696485212377,0.0,0.0,0.0,0.3001666661783855,0.427070627397511,0.9465303514787244,1.91,340.3
os_piastow,2019,1,96.58,50.0519,19.885,0.0,0.056186151249997,0.0,0.0160980687825062,0.0,0.0884798493624668,0.5220549686912698,0.3171809619137492,0.0,0.0,0.0259550588753545,0.9277157799674858,0.16076406939497,-1.86,517.1
os_piastow,2019,2,88.11,50.0519,19.885,0.0,0.056186151249997,0.0,0.0160980687825062,0.0,0.0884798493624668,0.5220549686912698,0.3171809619137492,0.0,0.0,0.0259550588753545,0.9277157799674858,0.16076406939497,2.86,459.7
os_piastow,2019,3,63.26,50.0519,19.885,0.0,0.056186151249997,0.0,0.0160980687825062,0.0,0.0884798493624668,0.5220549686912698,0.3171809619137492,0.0,0.0,0.0259550588753545,0.9277157799674858,0.16076406939497,6.12,704.5
os_piastow,2019,4,62.17,50.0519,19.885,0.0,0.056186151249997,0.0,0.0160980687825062,0.0,0.0884798493624668,0.5220549686912698,0.3171809619137492,0.0,0.0,0.0259550588753545,0.9277157799674858,0.16076406939497,10.19,596.3
os_piastow,2019,5,40.65,50.0519,19.885,0.0,0.056186151249997,0.0,0.0160980687825062,0.0,0.0884798493624668,0.5220549686912698,0.3171809619137492,0.0,0.0,0.0259550588753545,0.9277157799674858,0.16076406939497,12.43,535.5
os_piastow,2019,6,44.67,50.0519,19.885,0.0,0.056186151249997,0.0,0.0160980687825062,0.0,0.0884798493624668,0.5220549686912698,0.3171809619137492,0.0,0.0,0.0259550588753545,0.9277157799674858,0.16076406939497,21.7,565.8
os_piastow,2019,7,44.81,50.0519,19.885,0.0,0.056186151249997,0.0,0.0160980687825062,0.0,0.0884798493624668,0.5220549686912698,0.3171809619137492,0.0,0.0,0.0259550588753545,0.9277157799674858,0.16076406939497,19.37,677.9
os_piastow,2019,8,53.65,50.0519,19.885,0.0,0.056186151249997,0.0,0.0160980687825062,0.0,0.0884798493624668,0.5220549686912698,0.3171809619137492,0.0,0.0,0.0259550588753545,0.9277157799674858,0.16076406939497,20.41,471.0
os_piastow,2019,9,50.13,50.0519,19.885,0.0,0.056186151249997,0.0,0.0160980687825062,0.0,0.0884798493624668,0.5220549686912698,0.3171809619137492,0.0,0.0,0.0259550588753545,0.9277157799674858,0.16076406939497,14.93,549.3
os_piastow,2019,10,71.81,50.0519,19.885,0.0,0.056186151249997,0.0,0.0160980687825062,0.0,0.0884798493624668,0.5220549686912698,0.3171809619137492,0.0,0.0,0.0259550588753545,0.9277157799674858,0.16076406939497,11.2,342.5
os_piastow,2019,11,83.23,50.0519,19.885,0.0,0.056186151249997,0.0,0.0160980687825062,0.0,0.0884798493624668,0.5220549686912698,0.3171809619137492,0.0,0.0,0.0259550588753545,0.9277157799674858,0.16076406939497,6.91,254.3
os_piastow,2019,12,83.57,50.0519,19.885,0.0,0.056186151249997,0.0,0.0160980687825062,0.0,0.0884798493624668,0.5220549686912698,0.3171809619137492,0.0,0.0,0.0259550588753545,0.9277157799674858,0.16076406939497,2.82,379.0
os_piastow,2020,1,99.97,50.0519,19.885,0.0,0.056186151249997,0.0,0.0160980687825062,0.0,0.0884798493624668,0.5220549686912698,0.3171809619137492,0.0,0.0,0.0259550588753545,0.9277157799674858,0.16076406939497,1.24,349.5
os_piastow,2020,2,56.2,50.0519,19.885,0.0,0.056186151249997,0.0,0.0160980687825062,0.0,0.0884798493624668,0.5220549686912698,0.3171809619137492,0.0,0.0,0.0259550588753545,0.9277157799674858,0.16076406939497,4.07,660.8
os_piastow,2020,3,53.64,50.0519,19.885,0.0,0.056186151249997,0.0,0.0160980687825062,0.0,0.0884798493624668,0.5220549686912698,0.3171809619137492,0.0,0.0,0.0259550588753545,0.9277157799674858,0.16076406939497,4.88,603.5
os_piastow,2020,6,42.23,50.0519,19.885,0.0,0.056186151249997,0.0,0.0160980687825062,0.0,0.0884798493624668,0.5220549686912698,0.3171809619137492,0.0,0.0,0.0259550588753545,0.9277157799674858,0.16076406939497,18.19,509.2
os_piastow,2020,7,37.32,50.0519,19.885,0.0,0.056186151249997,0.0,0.0160980687825062,0.0,0.0884798493624668,0.5220549686912698,0.3171809619137492,0.0,0.0,0.0259550588753545,0.9277157799674858,0.16076406939497,19.06,542.3
os_piastow,2020,8,43.94,50.0519,19.885,0.0,0.056186151249997,0.0,0.0160980687825062,0.0,0.0884798493624668,0.5220549686912698,0.3171809619137492,0.0,0.0,0.0259550588753545,0.9277157799674858,0.16076406939497,20.84,562.5
os_piastow,2020,9,47.55,50.0519,19.885,0.0,0.056186151249997,0.0,0.0160980687825062,0.0,0.0884798493624668,0.5220549686912698,0.3171809619137492,0.0,0.0,0.0259550588753545,0.9277157799674858,0.16076406939497,15.55,378.8
os_piastow,2020,10,61.21,50.0519,19.885,0.0,0.056186151249997,0.0,0.0160980687825062,0.0,0.0884798493624668,0.5220549686912698,0.3171809619137492,0.0,0.0,0.0259550588753545,0.9277157799674858,0.16076406939497,10.5,368.4
os_piastow,2020,11,93.17,50.0519,19.885,0.0,0.056186151249997,0.0,0.0160980687825062,0.0,0.0884798493624668,0.5220549686912698,0.3171809619137492,0.0,0.0,0.0259550588753545,0.9277157799674858,0.16076406939497,5.12,265.7
os_piastow,2020,12,98.61,50.0519,19.885,0.0,0.056186151249997,0.0,0.0160980687825062,0.0,0.0884798493624668,0.5220549686912698,0.3171809619137492,0.0,0.0,0.0259550588753545,0.9277157799674858,0.16076406939497,1.46,221.6
os_piastow,2021,1,97.03,50.0519,19.885,0.0,0.056186151249997,0.0,0.0160980687825062,0.0,0.0884798493624668,0.5220549686912698,0.3171809619137492,0.0,0.0,0.0259550588753545,0.9277157799674858,0.16076406939497,-1.48,334.1
os_piastow,2021,2,118.04,50.0519,19.885,0.0,0.056186151249997,0.0,0.0160980687825062,0.0,0.0884798493624668,0.5220549686912698,0.3171809619137492,0.0,0.0,0.0259550588753545,0.9277157799674858,0.16076406939497,-1.18,358.0
os_piastow,2021,3,88.26,50.0519,19.885,0.0,0.056186151249997,0.0,0.0160980687825062,0.0,0.0884798493624668,0.5220549686912698,0.3171809619137492,0.0,0.0,0.0259550588753545,0.9277157799674858,0.16076406939497,3.45,535.1
os_piastow,2021,4,64.43,50.0519,19.885,0.0,0.056186151249997,0.0,0.0160980687825062,0.0,0.0884798493624668,0.5220549686912698,0.3171809619137492,0.0,0.0,0.0259550588753545,0.9277157799674858,0.16076406939497,6.32,619.2
os_piastow,2021,5,40.13,50.0519,19.885,0.0,0.056186151249997,0.0,0.0160980687825062,0.0,0.0884798493624668,0.5220549686912698,0.3171809619137492,0.0,0.0,0.0259550588753545,0.9277157799674858,0.16076406939497,12.44,657.2
os_piastow,2021,6,50.03,50.0519,19.885,0.0,0.056186151249997,0.0,0.0160980687825062,0.0,0.0884798493624668,0.5220549686912698,0.3171809619137492,0.0,0.0,0.0259550588753545,0.9277157799674858,0.16076406939497,19.22,564.1
os_piastow,2021,7,51.61,50.0519,19.885,0.0,0.056186151249997,0.0,0.0160980687825062,0.0,0.0884798493624668,0.5220549686912698,0.3171809619137492,0.0,0.0,0.0259550588753545,0.9277157799674858,0.16076406939497,21.38,500.9
os_piastow,2021,8,35.86,50.0519,19.885,0.0,0.056186151249997,0.0,0.0160980687825062,0.0,0.0884798493624668,0.5220549686912698,0.3171809619137492,0.0,0.0,0.0259550588753545,0.9277157799674858,0.16076406939497,17.5,497.4
os_piastow,2021,9,57.28,50.0519,19.885,0.0,0.056186151249997,0.0,0.0160980687825062,0.0,0.0884798493624668,0.5220549686912698,0.3171809619137492,0.0,0.0,0.0259550588753545,0.9277157799674858,0.16076406939497,14.43,463.6
os_piastow,2021,10,90.5,50.0519,19.885,0.0,0.056186151249997,0.0,0.0160980687825062,0.0,0.0884798493624668,0.5220549686912698,0.3171809619137492,0.0,0.0,0.0259550588753545,0.9277157799674858,0.16076406939497,9.04,390.5
os_piastow,2021,11,86.45,50.0519,19.885,0.0,0.056186151249997,0.0,0.0160980687825062,0.0,0.0884798493624668,0.5220549686912698,0.3171809619137492,0.0,0.0,0.0259550588753545,0.9277157799674858,0.16076406939497,5.16,383.7
os_piastow,2021,12,99.28,50.0519,19.885,0.0,0.056186151249997,0.0,0.0160980687825062,0.0,0.0884798493624668,0.5220549686912698,0.3171809619137492,0.0,0.0,0.0259550588753545,0.9277157799674858,0.16076406939497,-0.31,397.5
os_piastow,2022,1,61.84,50.0519,19.885,0.0,0.056186151249997,0.0,0.0160980687825062,0.0,0.0884798493624668,0.5220549686912698,0.3171809619137492,0.0,0.0,0.0259550588753545,0.9277157799674858,0.16076406939497,0.35,644.0
os_piastow,2022,2,47.89,50.0519,19.885,0.0,0.056186151249997,0.0,0.0160980687825062,0.0,0.0884798493624668,0.5220549686912698,0.3171809619137492,0.0,0.0,0.0259550588753545,0.9277157799674858,0.16076406939497,3.23,750.2
os_piastow,2022,3,91.83,50.0519,19.885,0.0,0.056186151249997,0.0,0.0160980687825062,0.0,0.0884798493624668,0.5220549686912698,0.3171809619137492,0.0,0.0,0.0259550588753545,0.9277157799674858,0.16076406939497,2.72,423.3
os_piastow,2022,4,53.4,50.0519,19.885,0.0,0.056186151249997,0.0,0.0160980687825062,0.0,0.0884798493624668,0.5220549686912698,0.3171809619137492,0.0,0.0,0.0259550588753545,0.9277157799674858,0.16076406939497,6.81,638.4
os_piastow,2022,5,39.48,50.0519,19.885,0.0,0.056186151249997,0.0,0.0160980687825062,0.0,0.0884798493624668,0.5220549686912698,0.3171809619137492,0.0,0.0,0.0259550588753545,0.9277157799674858,0.16076406939497,14.67,633.0
os_piastow,2022,6,40.43,50.0519,19.885,0.0,0.056186151249997,0.0,0.0160980687825062,0.0,0.0884798493624668,0.5220549686912698,0.3171809619137492,0.0,0.0,0.0259550588753545,0.9277157799674858,0.16076406939497,19.55,618.5
os_piastow,2022,7,32.26,50.0519,19.885,0.0,0.056186151249997,0.0,0.0160980687825062,0.0,0.0884798493624668,0.5220549686912698,0.3171809619137492,0.0,0.0,0.0259550588753545,0.9277157799674858,0.16076406939497,19.63,617.6
os_piastow,2022,8,41.97,50.0519,19.885,0.0,0.056186151249997,0.0,0.0160980687825062,0.0,0.0884798493624668,0.5220549686912698,0.3171809619137492,0.0,0.0,0.0259550588753545,0.9277157799674858,0.16076406939497,20.87,440.8
os_piastow,2022,9,38.43,50.0519,19.885,0.0,0.056186151249997,0.0,0.0160980687825062,0.0,0.0884798493624668,0.5220549686912698,0.3171809619137492,0.0,0.0,0.0259550588753545,0.9277157799674858,0.16076406939497,13.29,495.8
os_piastow,2022,10,59.9,50.0519,19.885,0.0,0.056186151249997,0.0,0.0160980687825062,0.0,0.0884798493624668,0.5220549686912698,0.3171809619137492,0.0,0.0,0.0259550588753545,0.9277157799674858,0.16076406939497,11.62,338.3
os_piastow,2022,11,86.53,50.0519,19.885,0.0,0.056186151249997,0.0,0.0160980687825062,0.0,0.0884798493624668,0.5220549686912698,0.3171809619137492,0.0,0.0,0.0259550588753545,0.9277157799674858,0.16076406939497,4.28,240.5
os_piastow,2022,12,91.39,50.0519,19.885,0.0,0.056186151249997,0.0,0.0160980687825062,0.0,0.0884798493624668,0.5220549686912698,0.3171809619137492,0.0,0.0,0.0259550588753545,0.9277157799674858,0.16076406939497,0.27,332.6
os_piastow,2023,1,67.61,50.0519,19.885,0.0,0.056186151249997,0.0,0.0160980687825062,0.0,0.0884798493624668,0.5220549686912698,0.3171809619137492,0.0,0.0,0.0259550588753545,0.9277157799674858,0.16076406939497,2.86,423.6
os_piastow,2023,2,68.57,50.0519,19.885,0.0,0.056186151249997,0.0,0.0160980687825062,0.0,0.0884798493624668,0.5220549686912698,0.3171809619137492,0.0,0.0,0.0259550588753545,0.9277157799674858,0.16076406939497,1.33,624.7
os_piastow,2023,3,63.42,50.0519,19.885,0.0,0.056186151249997,0.0,0.0160980687825062,0.0,0.0884798493624668,0.5220549686912698,0.3171809619137492,0.0,0.0,0.0259550588753545,0.9277157799674858,0.16076406939497,5.37,610.0
os_piastow,2023,4,57.03,50.0519,19.885,0.0,0.056186151249997,0.0,0.0160980687825062,0.0,0.0884798493624668,0.5220549686912698,0.3171809619137492,0.0,0.0,0.0259550588753545,0.9277157799674858,0.16076406939497,7.82,566.6
os_piastow,2023,5,43.52,50.0519,19.885,0.0,0.056186151249997,0.0,0.0160980687825062,0.0,0.0884798493624668,0.5220549686912698,0.3171809619137492,0.0,0.0,0.0259550588753545,0.9277157799674858,0.16076406939497,12.88,534.1
os_piastow,2023,6,46.29,50.0519,19.885,0.0,0.056186151249997,0.0,0.0160980687825062,0.0,0.0884798493624668,0.5220549686912698,0.3171809619137492,0.0,0.0,0.0259550588753545,0.9277157799674858,0.16076406939497,17.84,549.8
os_piastow,2023,7,48.57,50.0519,19.885,0.0,0.056186151249997,0.0,0.0160980687825062,0.0,0.0884798493624668,0.5220549686912698,0.3171809619137492,0.0,0.0,0.0259550588753545,0.9277157799674858,0.16076406939497,20.57,585.4
os_piastow,2023,8,68.82,50.0519,19.885,0.0,0.056186151249997,0.0,0.0160980687825062,0.0,0.0884798493624668,0.5220549686912698,0.3171809619137492,0.0,0.0,0.0259550588753545,0.9277157799674858,0.16076406939497,20.49,426.7
os_piastow,2023,9,71.97,50.0519,19.885,0.0,0.056186151249997,0.0,0.0160980687825062,0.0,0.0884798493624668,0.5220549686912698,0.3171809619137492,0.0,0.0,0.0259550588753545,0.9277157799674858,0.16076406939497,17.91,386.5
os_piastow,2023,10,61.94,50.0519,19.885,0.0,0.056186151249997,0.0,0.0160980687825062,0.0,0.0884798493624668,0.5220549686912698,0.3171809619137492,0.0,0.0,0.0259550588753545,0.9277157799674858,0.16076406939497,12.26,474.9
os_piastow,2023,11,59.73,50.0519,19.885,0.0,0.056186151249997,0.0,0.0160980687825062,0.0,0.0884798493624668,0.5220549686912698,0.3171809619137492,0.0,0.0,0.0259550588753545,0.9277157799674858,0.16076406939497,4.92,536.6
os_piastow,2023,12,81.93,50.0519,19.885,0.0,0.056186151249997,0.0,0.0160980687825062,0.0,0.0884798493624668,0.5220549686912698,0.3171809619137492,0.0,0.0,0.0259550588753545,0.9277157799674858,0.16076406939497,1.67,496.9
os_piastow,2024,1,83.04,50.0519,19.885,0.0,0.056186151249997,0.0,0.0160980687825062,0.0,0.0884798493624668,0.5220549686912698,0.3171809619137492,0.0,0.0,0.0259550588753545,0.9277157799674858,0.16076406939497,-0.66,
os_piastow,2024,2,65.62,50.0519,19.885,0.0,0.056186151249997,0.0,0.0160980687825062,0.0,0.0884798493624668,0.5220549686912698,0.3171809619137492,0.0,0.0,0.0259550588753545,0.9277157799674858,0.16076406939497,6.37,
os_piastow,2024,3,76.84,50.0519,19.885,0.0,0.056186151249997,0.0,0.0160980687825062,0.0,0.0884798493624668,0.5220549686912698,0.3171809619137492,0.0,0.0,0.0259550588753545,0.9277157799674858,0.16076406939497,7.29,
os_piastow,2024,4,48.83,50.0519,19.885,0.0,0.056186151249997,0.0,0.0160980687825062,0.0,0.0884798493624668,0.5220549686912698,0.3171809619137492,0.0,0.0,0.0259550588753545,0.9277157799674858,0.16076406939497,11.22,
os_piastow,2024,5,40.42,50.0519,19.885,0.0,0.056186151249997,0.0,0.0160980687825062,0.0,0.0884798493624668,0.5220549686912698,0.3171809619137492,0.0,0.0,0.0259550588753545,0.9277157799674858,0.16076406939497,16.14,
os_piastow,2024,6,43.53,50.0519,19.885,0.0,0.056186151249997,0.0,0.0160980687825062,0.0,0.0884798493624668,0.5220549686912698,0.3171809619137492,0.0,0.0,0.0259550588753545,0.9277157799674858,0.16076406939497,19.27,
os_piastow,2024,7,42.07,50.0519,19.885,0.0,0.056186151249997,0.0,0.0160980687825062,0.0,0.0884798493624668,0.5220549686912698,0.3171809619137492,0.0,0.0,0.0259550588753545,0.9277157799674858,0.16076406939497,21.7,597.0
os_piastow,2024,8,47.84,50.0519,19.885,0.0,0.056186151249997,0.0,0.0160980687825062,0.0,0.0884798493624668,0.5220549686912698,0.3171809619137492,0.0,0.0,0.0259550588753545,0.9277157799674858,0.16076406939497,21.16,481.1
os_piastow,2024,9,55.0,50.0519,19.885,0.0,0.056186151249997,0.0,0.0160980687825062,0.0,0.0884798493624668,0.5220549686912698,0.3171809619137492,0.0,0.0,0.0259550588753545,0.9277157799674858,0.16076406939497,17.08,491.3
os_piastow,2024,10,59.97,50.0519,19.885,0.0,0.056186151249997,0.0,0.0160980687825062,0.0,0.0884798493624668,0.5220549686912698,0.3171809619137492,0.0,0.0,0.0259550588753545,0.9277157799674858,0.16076406939497,10.34,329.8
os_piastow,2024,11,69.6,50.0519,19.885,0.0,0.056186151249997,0.0,0.0160980687825062,0.0,0.0884798493624668,0.5220549686912698,0.3171809619137492,0.0,0.0,0.0259550588753545,0.9277157799674858,0.16076406939497,3.47,381.2
os_piastow,2024,12,67.0,50.0519,19.885,0.0,0.056186151249997,0.0,0.0160980687825062,0.0,0.0884798493624668,0.5220549686912698,0.3171809619137492,0.0,0.0,0.0259550588753545,0.9277157799674858,0.16076406939497,1.82,364.4
os_wadow,2019,1,95.17,50.0783,19.895,0.4358757657442609,0.1266926871930535,0.0,0.3030865625287616,0.0,0.1343449845339223,0.0,0.0,0.0,0.0,0.5182260124197456,0.1343449845339223,0.9999999999999986,-1.86,517.1
os_wadow,2019,2,87.96,50.0783,19.895,0.4358757657442609,0.1266926871930535,0.0,0.3030865625287616,0.0,0.1343449845339223,0.0,0.0,0.0,0.0,0.5182260124197456,0.1343449845339223,0.9999999999999986,2.86,459.7
os_wadow,2019,3,63.68,50.0783,19.895,0.4358757657442609,0.1266926871930535,0.0,0.3030865625287616,0.0,0.1343449845339223,0.0,0.0,0.0,0.0,0.5182260124197456,0.1343449845339223,0.9999999999999986,6.12,704.5
os_wadow,2019,4,62.17,50.0783,19.895,0.4358757657442609,0.1266926871930535,0.0,0.3030865625287616,0.0,0.1343449845339223,0.0,0.0,0.0,0.0,0.5182260124197456,0.1343449845339223,0.9999999999999986,10.19,596.3
os_wadow,2019,5,40.65,50.0783,19.895,0.4358757657442609,0.1266926871930535,0.0,0.3030865625287616,0.0,0.1343449845339223,0.0,0.0,0.0,0.0,0.5182260124197456,0.1343449845339223,0.9999999999999986,12.43,535.5
os_wadow,2019,6,44.67,50.0783,19.895,0.4358757657442609,0.1266926871930535,0.0,0.3030865625287616,0.0,0.1343449845339223,0.0,0.0,0.0,0.0,0.5182260124197456,0.1343449845339223,0.9999999999999986,21.7,565.8
os_wadow,2019,7,44.74,50.0783,19.895,0.4358757657442609,0.1266926871930535,0.0,0.3030865625287616,0.0,0.1343449845339223,0.0,0.0,0.0,0.0,0.5182260124197456,0.1343449845339223,0.9999999999999986,19.37,677.9
os_wadow,2019,8,53.65,50.0783,19.895,0.4358757657442609,0.1266926871930535,0.0,0.3030865625287616,0.0,0.1343449845339223,0.0,0.0,0.0,0.0,0.5182260124197456,0.1343449845339223,0.9999999999999986,20.41,471.0
os_wadow,2019,9,50.13,50.0783,19.895,0.4358757657442609,0.1266926871930535,0.0,0.3030865625287616,0.0,0.1343449845339223,0.0,0.0,0.0,0.0,0.5182260124197456,0.1343449845339223,0.9999999999999986,14.93,549.3
os_wadow,2019,10,71.81,50.0783,19.895,0.4358757657442609,0.1266926871930535,0.0,0.3030865625287616,0.0,0.1343449845339223,0.0,0.0,0.0,0.0,0.5182260124197456,0.1343449845339223,0.9999999999999986,11.2,342.5
os_wadow,2019,11,83.23,50.0783,19.895,0.4358757657442609,0.1266926871930535,0.0,0.3030865625287616,0.0,0.1343449845339223,0.0,0.0,0.0,0.0,0.5182260124197456,0.1343449845339223,0.9999999999999986,6.91,254.3
os_wadow,2019,12,83.54,50.0783,19.895,0.4358757657442609,0.1266926871930535,0.0,0.3030865625287616,0.0,0.1343449845339223,0.0,0.0,0.0,0.0,0.5182260124197456,0.1343449845339223,0.9999999999999986,2.82,379.0
os_wadow,2020,1,99.73,50.0783,19.895,0.4358757657442609,0.1266926871930535,0.0,0.3030865625287616,0.0,0.1343449845339223,0.0,0.0,0.0,0.0,0.5182260124197456,0.1343449845339223,0.9999999999999986,1.24,349.5
os_wadow,2020,2,56.0,50.0783,19.895,0.4358757657442609,0.1266926871930535,0.0,0.3030865625287616,0.0,0.1343449845339223,0.0,0.0,0.0,0.0,0.5182260124197456,0.1343449845339223,0.9999999999999986,4.07,660.8
os_wadow,2020,3,53.79,50.0783,19.895,0.4358757657442609,0.1266926871930535,0.0,0.3030865625287616,0.0,0.1343449845339223,0.0,0.0,0.0,0.0,0.5182260124197456,0.1343449845339223,0.9999999999999986,4.88,603.5
os_wadow,2020,6,42.4,50.0783,19.895,0.4358757657442609,0.1266926871930535,0.0,0.3030865625287616,0.0,0.1343449845339223,0.0,0.0,0.0,0.0,0.5182260124197456,0.1343449845339223,0.9999999999999986,18.19,509.2
os_wadow,2020,7,37.32,50.0783,19.895,0.4358757657442609,0.1266926871930535,0.0,0.3030865625287616,0.0,0.1343449845339223,0.0,0.0,0.0,0.0,0.5182260124197456,0.1343449845339223,0.9999999999999986,19.06,542.3
os_wadow,2020,8,43.94,50.0783,19.895,0.4358757657442609,0.1266926871930535,0.0,0.3030865625287616,0.0,0.1343449845339223,0.0,0.0,0.0,0.0,0.5182260124197456,0.1343449845339223,0.9999999999999986,20.84,562.5
os_wadow,2020,9,48.3,50.0783,19.895,0.4358757657442609,0.1266926871930535,0.0,0.3030865625287616,0.0,0.1343449845339223,0.0,0.0,0.0,0.0,0.5182260124197456,0.1343449845339223,0.9999999999999986,15.55,378.8
os_wadow,2020,10,61.55,50.0783,19.895,0.4358757657442609,0.1266926871930535,0.0,0.3030865625287616,0.0,0.1343449845339223,0.0,0.0,0.0,0.0,0.5182260124197456,0.1343449845339223,0.9999999999999986,10.5,368.4
os_wadow,2020,11,93.17,50.0783,19.895,0.4358757657442609,0.1266926871930535,0.0,0.3030865625287616,0.0,0.1343449845339223,0.0,0.0,0.0,0.0,0.5182260124197456,0.1343449845339223,0.9999999999999986,5.12,265.7
os_wadow,2020,12,98.61,50.0783,19.895,0.4358757657442609,0.1266926871930535,0.0,0.3030865625287616,0.0,0.1343449845339223,0.0,0.0,0.0,0.0,0.5182260124197456,0.1343449845339223,0.9999999999999986,1.46,221.6
os_wadow,2021,1,97.03,50.0783,19.895,0.4358757657442609,0.1266926871930535,0.0,0.3030865625287616,0.0,0.1343449845339223,0.0,0.0,0.0,0.0,0.5182260124197456,0.1343449845339223,0.9999999999999986,-1.48,334.1
os_wadow,2021,2,118.04,50.0783,19.895,0.4358757657442609,0.1266926871930535,0.0,0.3030865625287616,0.0,0.1343449845339223,0.0,0.0,0.0,0.0,0.5182260124197456,0.1343449845339223,0.9999999999999986,-1.18,358.0
os_wadow,2021,3,88.26,50.0783,19.895,0.4358757657442609,0.1266926871930535,0.0,0.3030865625287616,0.0,0.1343449845339223,0.0,0.0,0.0,0.0,0.5182260124197456,0.1343449845339223,0.9999999999999986,3.45,535.1
os_wadow,2021,4,64.43,50.0783,19.895,0.4358757657442609,0.1266926871930535,0.0,0.3030865625287616,0.0,0.1343449845339223,0.0,0.0,0.0,0.0,0.5182260124197456,0.1343449845339223,0.9999999999999986,6.32,619.2
os_wadow,2021,5,40.13,50.0783,19.895,0.4358757657442609,0.1266926871930535,0.0,0.3030865625287616,0.0,0.1343449845339223,0.0,0.0,0.0,0.0,0.5182260124197456,0.1343449845339223,0.9999999999999986,12.44,657.2
os_wadow,2021,6,50.03,50.0783,19.895,0.4358757657442609,0.1266926871930535,0.0,0.3030865625287616,0.0,0.1343449845339223,0.0,0.0,0.0,0.0,0.5182260124197456,0.1343449845339223,0.9999999999999986,19.22,564.1
os_wadow,2021,7,51.61,50.0783,19.895,0.4358757657442609,0.1266926871930535,0.0,0.3030865625287616,0.0,0.1343449845339223,0.0,0.0,0.0,0.0,0.5182260124197456,0.1343449845339223,0.9999999999999986,21.38,500.9
os_wadow,2021,8,35.86,50.0783,19.895,0.4358757657442609,0.1266926871930535,0.0,0.3030865625287616,0.0,0.1343449845339223,0.0,0.0,0.0,0.0,0.5182260124197456,0.1343449845339223,0.9999999999999986,17.5,497.4
os_wadow,2021,9,58.03,50.0783,19.895,0.4358757657442609,0.1266926871930535,0.0,0.3030865625287616,0.0,0.1343449845339223,0.0,0.0,0.0,0.0,0.5182260124197456,0.1343449845339223,0.9999999999999986,14.43,463.6
os_wadow,2021,10,74.55,50.0783,19.895,0.4358757657442609,0.1266926871930535,0.0,0.3030865625287616,0.0,0.1343449845339223,0.0,0.0,0.0,0.0,0.5182260124197456,0.1343449845339223,0.9999999999999986,9.04,390.5
os_wadow,2021,11,86.45,50.0783,19.895,0.4358757657442609,0.1266926871930535,0.0,0.3030865625287616,0.0,0.1343449845339223,0.0,0.0,0.0,0.0,0.5182260124197456,0.1343449845339223,0.9999999999999986,5.16,383.7
os_wadow,2021,12,99.28,50.0783,19.895,0.4358757657442609,0.1266926871930535,0.0,0.3030865625287616,0.0,0.1343449845339223,0.0,0.0,0.0,0.0,0.5182260124197456,0.1343449845339223,0.9999999999999986,-0.31,397.5
os_wadow,2022,1,61.84,50.0783,19.895,0.4358757657442609,0.1266926871930535,0.0,0.3030865625287616,0.0,0.1343449845339223,0.0,0.0,0.0,0.0,0.5182260124197456,0.1343449845339223,0.9999999999999986,0.35,644.0
os_wadow,2022,2,47.89,50.0783,19.895,0.4358757657442609,0.1266926871930535,0.0,0.3030865625287616,0.0,0.1343449845339223,0.0,0.0,0.0,0.0,0.5182260124197456,0.1343449845339223,0.9999999999999986,3.23,750.2
os_wadow,2022,3,91.83,50.0783,19.895,0.4358757657442609,0.1266926871930535,0.0,0.3030865625287616,0.0,0.1343449845339223,0.0,0.0,0.0,0.0,0.5182260124197456,0.1343449845339223,0.9999999999999986,2.72,423.3
os_wadow,2022,4,53.4,50.0783,19.895,0.4358757657442609,0.1266926871930535,0.0,0.3030865625287616,0.0,0.1343449845339223,0.0,0.0,0.0,0.0,0.5182260124197456,0.1343449845339223,0.9999999999999986,6.81,638.4
os_wadow,2022,5,39.48,50.0783,19.895,0.4358757657442609,0.1266926871930535,0.0,0.3030865625287616,0.0,0.1343449845339223,0.0,0.0,0.0,0.0,0.5182260124197456,0.1343449845339223,0.9999999999999986,14.67,633.0
os_wadow,2022,6,40.43,50.0783,19.895,0.4358757657442609,0.1266926871930535,0.0,0.3030865625287616,0.0,0.1343449845339223,0.0,0.0,0.0,0.0,0.5182260124197456,0.1343449845339223,0.9999999999999986,19.55,618.5
os_wadow,2022,7,32.26,50.0783,19.895,0.4358757657442609,0.1266926871930535,0.0,0.3030865625287616,0.0,0.1343449845339223,0.0,0.0,0.0,0.0,0.5182260124197456,0.1343449845339223,0.9999999999999986,19.63,617.6
os_wadow,2022,8,41.97,50.0783,19.895,0.4358757657442609,0.1266926871930535,0.0,0.3030865625287616,0.0,0.1343449845339223,0.0,0.0,0.0,0.0,0.5182260124197456,0.1343449845339223,0.9999999999999986,20.87,440.8
os_wadow,2022,9,38.43,50.0783,19.895,0.4358757657442609,0.1266926871930535,0.0,0.3030865625287616,0.0,0.1343449845339223,0.0,0.0,0.0,0.0,0.5182260124197456,0.1343449845339223,0.9999999999999986,13.29,495.8
os_wadow,2022,10,59.9,50.0783,19.895,0.4358757657442609,0.1266926871930535,0.0,0.3030865625287616,0.0,0.1343449845339223,0.0,0.0,0.0,0.0,0.5182260124197456,0.1343449845339223,0.9999999999999986,11.62,338.3
os_wadow,2022,11,86.53,50.0783,19.895,0.4358757657442609,0.1266926871930535,0.0,0.3030865625287616,0.0,0.1343449845339223,0.0,0.0,0.0,0.0,0.5182260124197456,0.1343449845339223,0.9999999999999986,4.28,240.5
os_wadow,2022,12,91.39,50.0783,19.895,0.4358757657442609,0.1266926871930535,0.0,0.3030865625287616,0.0,0.1343449845339223,0.0,0.0,0.0,0.0,0.5182260124197456,0.1343449845339223,0.9999999999999986,0.27,332.6
os_wadow,2023,1,67.61,50.0783,19.895,0.4358757657442609,0.1266926871930535,0.0,0.3030865625287616,0.0,0.1343449845339223,0.0,0.0,0.0,0.0,0.5182260124197456,0.1343449845339223,0.9999999999999986,2.86,423.6
os_wadow,2023,2,68.57,50.0783,19.895,0.4358757657442609,0.1266926871930535,0.0,0.3030865625287616,0.0,0.1343449845339223,0.0,0.0,0.0,0.0,0.5182260124197456,0.1343449845339223,0.9999999999999986,1.33,624.7
os_wadow,2023,3,63.42,50.0783,19.895,0.4358757657442609,0.1266926871930535,0.0,0.3030865625287616,0.0,0.1343449845339223,0.0,0.0,0.0,0.0,0.5182260124197456,0.1343449845339223,0.9999999999999986,5.37,610.0
os_wadow,2023,4,57.03,50.0783,19.895,0.4358757657442609,0.1266926871930535,0.0,0.3030865625287616,0.0,0.1343449845339223,0.0,0.0,0.0,0.0,0.5182260124197456,0.1343449845339223,0.9999999999999986,7.82,566.6
os_wadow,2023,5,43.52,50.0783,19.895,0.4358757657442609,0.1266926871930535,0.0,0.3030865625287616,0.0,0.1343449845339223,0.0,0.0,0.0,0.0,0.5182260124197456,0.1343449845339223,0.9999999999999986,12.88,534.1
os_wadow,2023,6,46.29,50.0783,19.895,0.4358757657442609,0.1266926871930535,0.0,0.3030865625287616,0.0,0.1343449845339223,0.0,0.0,0.0,0.0,0.5182260124197456,0.1343449845339223,0.9999999999999986,17.84,549.8
os_wadow,2023,7,43.97,50.0783,19.895,0.4358757657442609,0.1266926871930535,0.0,0.3030865625287616,0.0,0.1343449845339223,0.0,0.0,0.0,0.0,0.5182260124197456,0.1343449845339223,0.9999999999999986,20.57,585.4
os_wadow,2023,8,57.87,50.0783,19.895,0.4358757657442609,0.1266926871930535,0.0,0.3030865625287616,0.0,0.1343449845339223,0.0,0.0,0.0,0.0,0.5182260124197456,0.1343449845339223,0.9999999999999986,20.49,426.7
os_wadow,2023,9,71.97,50.0783,19.895,0.4358757657442609,0.1266926871930535,0.0,0.3030865625287616,0.0,0.1343449845339223,0.0,0.0,0.0,0.0,0.5182260124197456,0.1343449845339223,0.9999999999999986,17.91,386.5
os_wadow,2023,10,61.94,50.0783,19.895,0.4358757657442609,0.1266926871930535,0.0,0.3030865625287616,0.0,0.1343449845339223,0.0,0.0,0.0,0.0,0.5182260124197456,0.1343449845339223,0.9999999999999986,12.26,474.9
os_wadow,2023,11,59.73,50.0783,19.895,0.4358757657442609,0.1266926871930535,0.0,0.3030865625287616,0.0,0.1343449845339223,0.0,0.0,0.0,0.0,0.5182260124197456,0.1343449845339223,0.9999999999999986,4.92,536.6
os_wadow,2023,12,81.93,50.0783,19.895,0.4358757657442609,0.1266926871930535,0.0,0.3030865625287616,0.0,0.1343449845339223,0.0,0.0,0.0,0.0,0.5182260124197456,0.1343449845339223,0.9999999999999986,1.67,496.9
os_wadow,2024,1,83.04,50.0783,19.895,0.4358757657442609,0.1266926871930535,0.0,0.3030865625287616,0.0,0.1343449845339223,0.0,0.0,0.0,0.0,0.5182260124197456,0.1343449845339223,0.9999999999999986,-0.66,
os_wadow,2024,2,65.62,50.0783,19.895,0.4358757657442609,0.1266926871930535,0.0,0.3030865625287616,0.0,0.1343449845339223,0.0,0.0,0.0,0.0,0.5182260124197456,0.1343449845339223,0.9999999999999986,6.37,
os_wadow,2024,3,76.84,50.0783,19.895,0.4358757657442609,0.1266926871930535,0.0,0.3030865625287616,0.0,0.1343449845339223,0.0,0.0,0.0,0.0,0.5182260124197456,0.1343449845339223,0.9999999999999986,7.29,
os_wadow,2024,4,48.83,50.0783,19.895,0.4358757657442609,0.1266926871930535,0.0,0.3030865625287616,0.0,0.1343449845339223,0.0,0.0,0.0,0.0,0.5182260124197456,0.1343449845339223,0.9999999999999986,11.22,
os_wadow,2024,5,40.42,50.0783,19.895,0.4358757657442609,0.1266926871930535,0.0,0.3030865625287616,0.0,0.1343449845339223,0.0,0.0,0.0,0.0,0.5182260124197456,0.1343449845339223,0.9999999999999986,16.14,
os_wadow,2024,6,43.53,50.0783,19.895,0.4358757657442609,0.1266926871930535,0.0,0.3030865625287616,0.0,0.1343449845339223,0.0,0.0,0.0,0.0,0.5182260124197456,0.1343449845339223,0.9999999999999986,19.27,
os_wadow,2024,7,42.58,50.0783,19.895,0.4358757657442609,0.1266926871930535,0.0,0.3030865625287616,0.0,0.1343449845339223,0.0,0.0,0.0,0.0,0.5182260124197456,0.1343449845339223,0.9999999999999986,21.7,597.0
os_wadow,2024,8,47.84,50.0783,19.895,0.4358757657442609,0.1266926871930535,0.0,0.3030865625287616,0.0,0.1343449845339223,0.0,0.0,0.0,0.0,0.5182260124197456,0.1343449845339223,0.9999999999999986,21.16,481.1
os_wadow,2024,9,55.0,50.0783,19.895,0.4358757657442609,0.1266926871930535,0.0,0.3030865625287616,0.0,0.1343449845339223,0.0,0.0,0.0,0.0,0.5182260124197456,0.1343449845339223,0.9999999999999986,17.08,491.3
os_wadow,2024,10,59.97,50.0783,19.895,0.4358757657442609,0.1266926871930535,0.0,0.3030865625287616,0.0,0.1343449845339223,0.0,0.0,0.0,0.0,0.5182260124197456,0.1343449845339223,0.9999999999999986,10.34,329.8
os_wadow,2024,11,69.6,50.0783,19.895,0.4358757657442609,0.1266926871930535,0.0,0.3030865625287616,0.0,0.1343449845339223,0.0,0.0,0.0,0.0,0.5182260124197456,0.1343449845339223,0.9999999999999986,3.47,381.2
os_wadow,2024,12,67.0,50.0783,19.895,0.4358757657442609,0.1266926871930535,0.0,0.3030865625287616,0.0,0.1343449845339223,0.0,0.0,0.0,0.0,0.5182260124197456,0.1343449845339223,0.9999999999999986,1.82,364.4
ul_dietla,2019,1,122.83,50.0566,19.9442,0.5501488218264632,0.0,0.0,0.336721723618934,0.0,0.1131294545546419,0.0,0.0,0.0,0.0,0.5501488218264631,0.1131294545546419,1.0000000000000393,-1.67,517.1
ul_dietla,2019,2,118.61,50.0566,19.9442,0.5501488218264632,0.0,0.0,0.336721723618934,0.0,0.1131294545546419,0.0,0.0,0.0,0.0,0.5501488218264631,0.1131294545546419,1.0000000000000393,3.01,459.7
ul_dietla,2019,3,86.58,50.0566,19.9442,0.5501488218264632,0.0,0.0,0.336721723618934,0.0,0.1131294545546419,0.0,0.0,0.0,0.0,0.5501488218264631,0.1131294545546419,1.0000000000000393,6.48,704.5
ul_dietla,2019,4,87.77,50.0566,19.9442,0.5501488218264632,0.0,0.0,0.336721723618934,0.0,0.1131294545546419,0.0,0.0,0.0,0.0,0.5501488218264631,0.1131294545546419,1.0000000000000393,10.14,596.3
ul_dietla,2019,5,63.03,50.0566,19.9442,0.5501488218264632,0.0,0.0,0.336721723618934,0.0,0.1131294545546419,0.0,0.0,0.0,0.0,0.5501488218264631,0.1131294545546419,1.0000000000000393,12.49,535.5
ul_dietla,2019,6,49.13,50.0566,19.9442,0.5501488218264632,0.0,0.0,0.336721723618934,0.0,0.1131294545546419,0.0,0.0,0.0,0.0,0.5501488218264631,0.1131294545546419,1.0000000000000393,21.58,565.8
ul_dietla,2019,7,46.81,50.0566,19.9442,0.5501488218264632,0.0,0.0,0.336721723618934,0.0,0.1131294545546419,0.0,0.0,0.0,0.0,0.5501488218264631,0.1131294545546419,1.0000000000000393,19.38,677.9
ul_dietla,2019,8,41.77,50.0566,19.9442,0.5501488218264632,0.0,0.0,0.336721723618934,0.0,0.1131294545546419,0.0,0.0,0.0,0.0,0.5501488218264631,0.1131294545546419,1.0000000000000393,20.44,471.0
ul_dietla,2019,9,39.43,50.0566,19.9442,0.5501488218264632,0.0,0.0,0.336721723618934,0.0,0.1131294545546419,0.0,0.0,0.0,0.0,0.5501488218264631,0.1131294545546419,1.0000000000000393,15.05,549.3
ul_dietla,2019,10,91.61,50.0566,19.9442,0.5501488218264632,0.0,0.0,0.336721723618934,0.0,0.1131294545546419,0.0,0.0,0.0,0.0,0.5501488218264631,0.1131294545546419,1.0000000000000393,11.37,342.5
ul_dietla,2019,11,102.87,50.0566,19.9442,0.5501488218264632,0.0,0.0,0.336721723618934,0.0,0.1131294545546419,0.0,0.0,0.0,0.0,0.5501488218264631,0.1131294545546419,1.0000000000000393,7.07,254.3
ul_dietla,2019,12,98.14,50.0566,19.9442,0.5501488218264632,0.0,0.0,0.336721723618934,0.0,0.1131294545546419,0.0,0.0,0.0,0.0,0.5501488218264631,0.1131294545546419,1.0000000000000393,3.02,379.0
ul_dietla,2020,1,117.62,50.0566,19.9442,0.5501488218264632,0.0,0.0,0.336721723618934,0.0,0.1131294545546419,0.0,0.0,0.0,0.0,0.5501488218264631,0.1131294545546419,1.0000000000000393,1.35,349.5
ul_dietla,2020,2,65.07,50.0566,19.9442,0.5501488218264632,0.0,0.0,0.336721723618934,0.0,0.1131294545546419,0.0,0.0,0.0,0.0,0.5501488218264631,0.1131294545546419,1.0000000000000393,4.32,660.8
ul_dietla,2020,3,62.0,50.0566,19.9442,0.5501488218264632,0.0,0.0,0.336721723618934,0.0,0.1131294545546419,0.0,0.0,0.0,0.0,0.5501488218264631,0.1131294545546419,1.0000000000000393,5.09,603.5
ul_dietla,2020,6,52.53,50.0566,19.9442,0.5501488218264632,0.0,0.0,0.336721723618934,0.0,0.1131294545546419,0.0,0.0,0.0,0.0,0.5501488218264631,0.1131294545546419,1.0000000000000393,18.1,509.2
ul_dietla,2020,7,46.27,50.0566,19.9442,0.5501488218264632,0.0,0.0,0.336721723618934,0.0,0.1131294545546419,0.0,0.0,0.0,0.0,0.5501488218264631,0.1131294545546419,1.0000000000000393,19.14,542.3
ul_dietla,2020,8,50.89,50.0566,19.9442,0.5501488218264632,0.0,0.0,0.336721723618934,0.0,0.1131294545546419,0.0,0.0,0.0,0.0,0.5501488218264631,0.1131294545546419,1.0000000000000393,20.86,562.5
ul_dietla,2020,9,54.73,50.0566,19.9442,0.5501488218264632,0.0,0.0,0.336721723618934,0.0,0.1131294545546419,0.0,0.0,0.0,0.0,0.5501488218264631,0.1131294545546419,1.0000000000000393,15.65,378.8
ul_dietla,2020,10,70.9,50.0566,19.9442,0.5501488218264632,0.0,0.0,0.336721723618934,0.0,0.1131294545546419,0.0,0.0,0.0,0.0,0.5501488218264631,0.1131294545546419,1.0000000000000393,10.74,368.4
ul_dietla,2020,11,108.0,50.0566,19.9442,0.5501488218264632,0.0,0.0,0.336721723618934,0.0,0.1131294545546419,0.0,0.0,0.0,0.0,0.5501488218264631,0.1131294545546419,1.0000000000000393,5.39,265.7
ul_dietla,2020,12,107.74,50.0566,19.9442,0.5501488218264632,0.0,0.0,0.336721723618934,0.0,0.1131294545546419,0.0,0.0,0.0,0.0,0.5501488218264631,0.1131294545546419,1.0000000000000393,1.76,221.6
ul_dietla,2021,1,98.45,50.0566,19.9442,0.5501488218264632,0.0,0.0,0.336721723618934,0.0,0.1131294545546419,0.0,0.0,0.0,0.0,0.5501488218264631,0.1131294545546419,1.0000000000000393,-1.09,334.1
ul_dietla,2021,2,120.5,50.0566,19.9442,0.5501488218264632,0.0,0.0,0.336721723618934,0.0,0.1131294545546419,0.0,0.0,0.0,0.0,0.5501488218264631,0.1131294545546419,1.0000000000000393,-0.94,358.0
ul_dietla,2021,3,96.42,50.0566,19.9442,0.5501488218264632,0.0,0.0,0.336721723618934,0.0,0.1131294545546419,0.0,0.0,0.0,0.0,0.5501488218264631,0.1131294545546419,1.0000000000000393,3.57,535.1
ul_dietla,2021,4,71.4,50.0566,19.9442,0.5501488218264632,0.0,0.0,0.336721723618934,0.0,0.1131294545546419,0.0,0.0,0.0,0.0,0.5501488218264631,0.1131294545546419,1.0000000000000393,6.42,619.2
ul_dietla,2021,5,46.48,50.0566,19.9442,0.5501488218264632,0.0,0.0,0.336721723618934,0.0,0.1131294545546419,0.0,0.0,0.0,0.0,0.5501488218264631,0.1131294545546419,1.0000000000000393,12.59,657.2
ul_dietla,2021,6,52.73,50.0566,19.9442,0.5501488218264632,0.0,0.0,0.336721723618934,0.0,0.1131294545546419,0.0,0.0,0.0,0.0,0.5501488218264631,0.1131294545546419,1.0000000000000393,19.32,564.1
ul_dietla,2021,7,52.0,50.0566,19.9442,0.5501488218264632,0.0,0.0,0.336721723618934,0.0,0.1131294545546419,0.0,0.0,0.0,0.0,0.5501488218264631,0.1131294545546419,1.0000000000000393,21.5,500.9
ul_dietla,2021,8,39.35,50.0566,19.9442,0.5501488218264632,0.0,0.0,0.336721723618934,0.0,0.1131294545546419,0.0,0.0,0.0,0.0,0.5501488218264631,0.1131294545546419,1.0000000000000393,17.69,497.4
ul_dietla,2021,9,54.33,50.0566,19.9442,0.5501488218264632,0.0,0.0,0.336721723618934,0.0,0.1131294545546419,0.0,0.0,0.0,0.0,0.5501488218264631,0.1131294545546419,1.0000000000000393,14.48,463.6
ul_dietla,2021,10,75.4,50.0566,19.9442,0.5501488218264632,0.0,0.0,0.336721723618934,0.0,0.1131294545546419,0.0,0.0,0.0,0.0,0.5501488218264631,0.1131294545546419,1.0000000000000393,9.23,390.5
ul_dietla,2021,11,85.07,50.0566,19.9442,0.5501488218264632,0.0,0.0,0.336721723618934,0.0,0.1131294545546419,0.0,0.0,0.0,0.0,0.5501488218264631,0.1131294545546419,1.0000000000000393,5.29,383.7
ul_dietla,2021,12,101.28,50.0566,19.9442,0.5501488218264632,0.0,0.0,0.336721723618934,0.0,0.1131294545546419,0.0,0.0,0.0,0.0,0.5501488218264631,0.1131294545546419,1.0000000000000393,-0.14,397.5
ul_dietla,2022,1,75.74,50.0566,19.9442,0.5501488218264632,0.0,0.0,0.336721723618934,0.0,0.1131294545546419,0.0,0.0,0.0,0.0,0.5501488218264631,0.1131294545546419,1.0000000000000393,0.48,644.0
ul_dietla,2022,2,65.64,50.0566,19.9442,0.5501488218264632,0.0,0.0,0.336721723618934,0.0,0.1131294545546419,0.0,0.0,0.0,0.0,0.5501488218264631,0.1131294545546419,1.0000000000000393,3.49,750.2
ul_dietla,2022,3,100.24,50.0566,19.9442,0.5501488218264632,0.0,0.0,0.336721723618934,0.0,0.1131294545546419,0.0,0.0,0.0,0.0,0.5501488218264631,0.1131294545546419,1.0000000000000393,2.66,423.3
ul_dietla,2022,4,64.23,50.0566,19.9442,0.5501488218264632,0.0,0.0,0.336721723618934,0.0,0.1131294545546419,0.0,0.0,0.0,0.0,0.5501488218264631,0.1131294545546419,1.0000000000000393,6.86,638.4
ul_dietla,2022,5,65.23,50.0566,19.9442,0.5501488218264632,0.0,0.0,0.336721723618934,0.0,0.1131294545546419,0.0,0.0,0.0,0.0,0.5501488218264631,0.1131294545546419,1.0000000000000393,14.65,633.0
ul_dietla,2022,8,49.62,50.0566,19.9442,0.5501488218264632,0.0,0.0,0.336721723618934,0.0,0.1131294545546419,0.0,0.0,0.0,0.0,0.5501488218264631,0.1131294545546419,1.0000000000000393,20.56,440.8
ul_dietla,2022,9,44.23,50.0566,19.9442,0.5501488218264632,0.0,0.0,0.336721723618934,0.0,0.1131294545546419,0.0,0.0,0.0,0.0,0.5501488218264631,0.1131294545546419,1.0000000000000393,13.32,495.8
ul_dietla,2022,10,69.45,50.0566,19.9442,0.5501488218264632,0.0,0.0,0.336721723618934,0.0,0.1131294545546419,0.0,0.0,0.0,0.0,0.5501488218264631,0.1131294545546419,1.0000000000000393,11.67,338.3
ul_dietla,2022,11,94.77,50.0566,19.9442,0.5501488218264632,0.0,0.0,0.336721723618934,0.0,0.1131294545546419,0.0,0.0,0.0,0.0,0.5501488218264631,0.1131294545546419,1.0000000000000393,4.54,240.5
ul_dietla,2022,12,97.81,50.0566,19.9442,0.5501488218264632,0.0,0.0,0.336721723618934,0.0,0.1131294545546419,0.0,0.0,0.0,0.0,0.5501488218264631,0.1131294545546419,1.0000000000000393,0.3,332.6
ul_dietla,2023,1,73.83,50.0566,19.9442,0.5501488218264632,0.0,0.0,0.336721723618934,0.0,0.1131294545546419,0.0,0.0,0.0,0.0,0.5501488218264631,0.1131294545546419,1.0000000000000393,2.98,423.6
ul_dietla,2023,2,67.18,50.0566,19.9442,0.5501488218264632,0.0,0.0,0.336721723618934,0.0,0.1131294545546419,0.0,0.0,0.0,0.0,0.5501488218264631,0.1131294545546419,1.0000000000000393,1.26,624.7
ul_dietla,2023,3,74.0,50.0566,19.9442,0.5501488218264632,0.0,0.0,0.336721723618934,0.0,0.1131294545546419,0.0,0.0,0.0,0.0,0.5501488218264631,0.1131294545546419,1.0000000000000393,5.71,610.0
ul_dietla,2023,4,64.77,50.0566,19.9442,0.5501488218264632,0.0,0.0,0.336721723618934,0.0,0.1131294545546419,0.0,0.0,0.0,0.0,0.5501488218264631,0.1131294545546419,1.0000000000000393,7.77,566.6
ul_dietla,2023,5,52.81,50.0566,19.9442,0.5501488218264632,0.0,0.0,0.336721723618934,0.0,0.1131294545546419,0.0,0.0,0.0,0.0,0.5501488218264631,0.1131294545546419,1.0000000000000393,12.83,534.1
ul_dietla,2023,6,54.28,50.0566,19.9442,0.5501488218264632,0.0,0.0,0.336721723618934,0.0,0.1131294545546419,0.0,0.0,0.0,0.0,0.5501488218264631,0.1131294545546419,1.0000000000000393,17.88,549.8
ul_dietla,2023,7,38.61,50.0566,19.9442,0.5501488218264632,0.0,0.0,0.336721723618934,0.0,0.1131294545546419,0.0,0.0,0.0,0.0,0.5501488218264631,0.1131294545546419,1.0000000000000393,20.92,585.4
ul_dietla,2023,8,41.35,50.0566,19.9442,0.5501488218264632,0.0,0.0,0.336721723618934,0.0,0.1131294545546419,0.0,0.0,0.0,0.0,0.5501488218264631,0.1131294545546419,1.0000000000000393,20.72,426.7
ul_dietla,2023,9,49.57,50.0566,19.9442,0.5501488218264632,0.0,0.0,0.336721723618934,0.0,0.1131294545546419,0.0,0.0,0.0,0.0,0.5501488218264631,0.1131294545546419,1.0000000000000393,17.89,386.5
ul_dietla,2023,10,51.29,50.0566,19.9442,0.5501488218264632,0.0,0.0,0.336721723618934,0.0,0.1131294545546419,0.0,0.0,0.0,0.0,0.5501488218264631,0.1131294545546419,1.0000000000000393,12.65,474.9
ul_dietla,2023,11,55.8,50.0566,19.9442,0.5501488218264632,0.0,0.0,0.336721723618934,0.0,0.1131294545546419,0.0,0.0,0.0,0.0,0.5501488218264631,0.1131294545546419,1.0000000000000393,5.25,536.6
ul_dietla,2023,12,79.38,50.0566,19.9442,0.5501488218264632,0.0,0.0,0.336721723618934,0.0,0.1131294545546419,0.0,0.0,0.0,0.0,0.5501488218264631,0.1131294545546419,1.0000000000000393,1.98,496.9
ul_dietla,2024,1,75.7,50.0566,19.9442,0.5501488218264632,0.0,0.0,0.336721723618934,0.0,0.1131294545546419,0.0,0.0,0.0,0.0,0.5501488218264631,0.1131294545546419,1.0000000000000393,-0.35,
zloty_rog,2019,1,122.83,50.0647,19.945,0.3830802953274301,0.0,0.0,0.4968660685524886,0.0127272787575545,0.1073263573625142,0.0,0.0,0.0,0.0,0.38308029532743,0.1073263573625142,0.9999999999999876,-1.68,517.1
zloty_rog,2019,2,118.61,50.0647,19.945,0.3830802953274301,0.0,0.0,0.4968660685524886,0.0127272787575545,0.1073263573625142,0.0,0.0,0.0,0.0,0.38308029532743,0.1073263573625142,0.9999999999999876,2.99,459.7
zloty_rog,2019,3,86.58,50.0647,19.945,0.3830802953274301,0.0,0.0,0.4968660685524886,0.0127272787575545,0.1073263573625142,0.0,0.0,0.0,0.0,0.38308029532743,0.1073263573625142,0.9999999999999876,6.31,704.5
zloty_rog,2019,4,87.77,50.0647,19.945,0.3830802953274301,0.0,0.0,0.4968660685524886,0.0127272787575545,0.1073263573625142,0.0,0.0,0.0,0.0,0.38308029532743,0.1073263573625142,0.9999999999999876,10.32,596.3
zloty_rog,2019,5,63.03,50.0647,19.945,0.3830802953274301,0.0,0.0,0.4968660685524886,0.0127272787575545,0.1073263573625142,0.0,0.0,0.0,0.0,0.38308029532743,0.1073263573625142,0.9999999999999876,12.61,535.5
zloty_rog,2019,6,49.13,50.0647,19.945,0.3830802953274301,0.0,0.0,0.4968660685524886,0.0127272787575545,0.1073263573625142,0.0,0.0,0.0,0.0,0.38308029532743,0.1073263573625142,0.9999999999999876,21.8,565.8
zloty_rog,2019,7,46.81,50.0647,19.945,0.3830802953274301,0.0,0.0,0.4968660685524886,0.0127272787575545,0.1073263573625142,0.0,0.0,0.0,0.0,0.38308029532743,0.1073263573625142,0.9999999999999876,19.56,677.9
zloty_rog,2019,8,41.77,50.0647,19.945,0.3830802953274301,0.0,0.0,0.4968660685524886,0.0127272787575545,0.1073263573625142,0.0,0.0,0.0,0.0,0.38308029532743,0.1073263573625142,0.9999999999999876,20.52,471.0
zloty_rog,2019,9,39.43,50.0647,19.945,0.3830802953274301,0.0,0.0,0.4968660685524886,0.0127272787575545,0.1073263573625142,0.0,0.0,0.0,0.0,0.38308029532743,0.1073263573625142,0.9999999999999876,15.06,549.3
zloty_rog,2019,10,91.61,50.0647,19.945,0.3830802953274301,0.0,0.0,0.4968660685524886,0.0127272787575545,0.1073263573625142,0.0,0.0,0.0,0.0,0.38308029532743,0.1073263573625142,0.9999999999999876,11.19,342.5
zloty_rog,2019,11,102.87,50.0647,19.945,0.3830802953274301,0.0,0.0,0.4968660685524886,0.0127272787575545,0.1073263573625142,0.0,0.0,0.0,0.0,0.38308029532743,0.1073263573625142,0.9999999999999876,6.88,254.3
zloty_rog,2019,12,98.14,50.0647,19.945,0.3830802953274301,0.0,0.0,0.4968660685524886,0.0127272787575545,0.1073263573625142,0.0,0.0,0.0,0.0,0.38308029532743,0.1073263573625142,0.9999999999999876,2.82,379.0
zloty_rog,2020,1,117.62,50.0647,19.945,0.3830802953274301,0.0,0.0,0.4968660685524886,0.0127272787575545,0.1073263573625142,0.0,0.0,0.0,0.0,0.38308029532743,0.1073263573625142,0.9999999999999876,1.35,349.5
zloty_rog,2020,2,65.07,50.0647,19.945,0.3830802953274301,0.0,0.0,0.4968660685524886,0.0127272787575545,0.1073263573625142,0.0,0.0,0.0,0.0,0.38308029532743,0.1073263573625142,0.9999999999999876,4.19,660.8
zloty_rog,2020,3,62.0,50.0647,19.945,0.3830802953274301,0.0,0.0,0.4968660685524886,0.0127272787575545,0.1073263573625142,0.0,0.0,0.0,0.0,0.38308029532743,0.1073263573625142,0.9999999999999876,5.0,603.5
zloty_rog,2020,6,52.53,50.0647,19.945,0.3830802953274301,0.0,0.0,0.4968660685524886,0.0127272787575545,0.1073263573625142,0.0,0.0,0.0,0.0,0.38308029532743,0.1073263573625142,0.9999999999999876,18.26,509.2
zloty_rog,2020,7,46.27,50.0647,19.945,0.3830802953274301,0.0,0.0,0.4968660685524886,0.0127272787575545,0.1073263573625142,0.0,0.0,0.0,0.0,0.38308029532743,0.1073263573625142,0.9999999999999876,19.25,542.3
zloty_rog,2020,8,50.89,50.0647,19.945,0.3830802953274301,0.0,0.0,0.4968660685524886,0.0127272787575545,0.1073263573625142,0.0,0.0,0.0,0.0,0.38308029532743,0.1073263573625142,0.9999999999999876,21.01,562.5
zloty_rog,2020,9,55.07,50.0647,19.945,0.3830802953274301,0.0,0.0,0.4968660685524886,0.0127272787575545,0.1073263573625142,0.0,0.0,0.0,0.0,0.38308029532743,0.1073263573625142,0.9999999999999876,15.65,378.8
zloty_rog,2020,10,70.9,50.0647,19.945,0.3830802953274301,0.0,0.0,0.4968660685524886,0.0127272787575545,0.1073263573625142,0.0,0.0,0.0,0.0,0.38308029532743,0.1073263573625142,0.9999999999999876,10.63,368.4
zloty_rog,2020,11,108.0,50.0647,19.945,0.3830802953274301,0.0,0.0,0.4968660685524886,0.0127272787575545,0.1073263573625142,0.0,0.0,0.0,0.0,0.38308029532743,0.1073263573625142,0.9999999999999876,5.24,265.7
zloty_rog,2020,12,107.74,50.0647,19.945,0.3830802953274301,0.0,0.0,0.4968660685524886,0.0127272787575545,0.1073263573625142,0.0,0.0,0.0,0.0,0.38308029532743,0.1073263573625142,0.9999999999999876,1.59,221.6
zloty_rog,2021,1,98.45,50.0647,19.945,0.3830802953274301,0.0,0.0,0.4968660685524886,0.0127272787575545,0.1073263573625142,0.0,0.0,0.0,0.0,0.38308029532743,0.1073263573625142,0.9999999999999876,-1.43,334.1
zloty_rog,2021,2,120.5,50.0647,19.945,0.3830802953274301,0.0,0.0,0.4968660685524886,0.0127272787575545,0.1073263573625142,0.0,0.0,0.0,0.0,0.38308029532743,0.1073263573625142,0.9999999999999876,-1.13,358.0
zloty_rog,2021,3,96.42,50.0647,19.945,0.3830802953274301,0.0,0.0,0.4968660685524886,0.0127272787575545,0.1073263573625142,0.0,0.0,0.0,0.0,0.38308029532743,0.1073263573625142,0.9999999999999876,3.56,535.1
zloty_rog,2021,4,71.4,50.0647,19.945,0.3830802953274301,0.0,0.0,0.4968660685524886,0.0127272787575545,0.1073263573625142,0.0,0.0,0.0,0.0,0.38308029532743,0.1073263573625142,0.9999999999999876,6.41,619.2
zloty_rog,2021,5,46.48,50.0647,19.945,0.3830802953274301,0.0,0.0,0.4968660685524886,0.0127272787575545,0.1073263573625142,0.0,0.0,0.0,0.0,0.38308029532743,0.1073263573625142,0.9999999999999876,12.57,657.2
zloty_rog,2021,6,52.73,50.0647,19.945,0.3830802953274301,0.0,0.0,0.4968660685524886,0.0127272787575545,0.1073263573625142,0.0,0.0,0.0,0.0,0.38308029532743,0.1073263573625142,0.9999999999999876,19.49,564.1
zloty_rog,2021,7,52.0,50.0647,19.945,0.3830802953274301,0.0,0.0,0.4968660685524886,0.0127272787575545,0.1073263573625142,0.0,0.0,0.0,0.0,0.38308029532743,0.1073263573625142,0.9999999999999876,21.61,500.9
zloty_rog,2021,8,39.35,50.0647,19.945,0.3830802953274301,0.0,0.0,0.4968660685524886,0.0127272787575545,0.1073263573625142,0.0,0.0,0.0,0.0,0.38308029532743,0.1073263573625142,0.9999999999999876,17.67,497.4
zloty_rog,2021,9,53.38,50.0647,19.945,0.3830802953274301,0.0,0.0,0.4968660685524886,0.0127272787575545,0.1073263573625142,0.0,0.0,0.0,0.0,0.38308029532743,0.1073263573625142,0.9999999999999876,14.46,463.6
zloty_rog,2021,10,87.0,50.0647,19.945,0.3830802953274301,0.0,0.0,0.4968660685524886,0.0127272787575545,0.1073263573625142,0.0,0.0,0.0,0.0,0.38308029532743,0.1073263573625142,0.9999999999999876,9.12,390.5
zloty_rog,2021,11,85.07,50.0647,19.945,0.3830802953274301,0.0,0.0,0.4968660685524886,0.0127272787575545,0.1073263573625142,0.0,0.0,0.0,0.0,0.38308029532743,0.1073263573625142,0.9999999999999876,5.17,383.7
zloty_rog,2021,12,101.28,50.0647,19.945,0.3830802953274301,0.0,0.0,0.4968660685524886,0.0127272787575545,0.1073263573625142,0.0,0.0,0.0,0.0,0.38308029532743,0.1073263573625142,0.9999999999999876,-0.24,397.5
zloty_rog,2022,1,75.74,50.0647,19.945,0.3830802953274301,0.0,0.0,0.4968660685524886,0.0127272787575545,0.1073263573625142,0.0,0.0,0.0,0.0,0.38308029532743,0.1073263573625142,0.9999999999999876,0.49,644.0
zloty_rog,2022,2,65.64,50.0647,19.945,0.3830802953274301,0.0,0.0,0.4968660685524886,0.0127272787575545,0.1073263573625142,0.0,0.0,0.0,0.0,0.38308029532743,0.1073263573625142,0.9999999999999876,3.38,750.2
zloty_rog,2022,3,100.24,50.0647,19.945,0.3830802953274301,0.0,0.0,0.4968660685524886,0.0127272787575545,0.1073263573625142,0.0,0.0,0.0,0.0,0.38308029532743,0.1073263573625142,0.9999999999999876,2.67,423.3
zloty_rog,2022,4,64.23,50.0647,19.945,0.3830802953274301,0.0,0.0,0.4968660685524886,0.0127272787575545,0.1073263573625142,0.0,0.0,0.0,0.0,0.38308029532743,0.1073263573625142,0.9999999999999876,6.87,638.4
zloty_rog,2022,5,65.23,50.0647,19.945,0.3830802953274301,0.0,0.0,0.4968660685524886,0.0127272787575545,0.1073263573625142,0.0,0.0,0.0,0.0,0.38308029532743,0.1073263573625142,0.9999999999999876,14.75,633.0
zloty_rog,2022,8,49.62,50.0647,19.945,0.3830802953274301,0.0,0.0,0.4968660685524886,0.0127272787575545,0.1073263573625142,0.0,0.0,0.0,0.0,0.38308029532743,0.1073263573625142,0.9999999999999876,20.94,440.8
zloty_rog,2022,9,44.23,50.0647,19.945,0.3830802953274301,0.0,0.0,0.4968660685524886,0.0127272787575545,0.1073263573625142,0.0,0.0,0.0,0.0,0.38308029532743,0.1073263573625142,0.9999999999999876,13.44,495.8
zloty_rog,2022,10,69.45,50.0647,19.945,0.3830802953274301,0.0,0.0,0.4968660685524886,0.0127272787575545,0.1073263573625142,0.0,0.0,0.0,0.0,0.38308029532743,0.1073263573625142,0.9999999999999876,11.69,338.3
zloty_rog,2022,11,94.77,50.0647,19.945,0.3830802953274301,0.0,0.0,0.4968660685524886,0.0127272787575545,0.1073263573625142,0.0,0.0,0.0,0.0,0.38308029532743,0.1073263573625142,0.9999999999999876,4.36,240.5
zloty_rog,2022,12,97.81,50.0647,19.945,0.3830802953274301,0.0,0.0,0.4968660685524886,0.0127272787575545,0.1073263573625142,0.0,0.0,0.0,0.0,0.38308029532743,0.1073263573625142,0.9999999999999876,0.24,332.6
zloty_rog,2023,1,69.19,50.0647,19.945,0.3830802953274301,0.0,0.0,0.4968660685524886,0.0127272787575545,0.1073263573625142,0.0,0.0,0.0,0.0,0.38308029532743,0.1073263573625142,0.9999999999999876,2.95,423.6
zloty_rog,2023,2,67.18,50.0647,19.945,0.3830802953274301,0.0,0.0,0.4968660685524886,0.0127272787575545,0.1073263573625142,0.0,0.0,0.0,0.0,0.38308029532743,0.1073263573625142,0.9999999999999876,1.47,624.7
zloty_rog,2023,3,74.0,50.0647,19.945,0.3830802953274301,0.0,0.0,0.4968660685524886,0.0127272787575545,0.1073263573625142,0.0,0.0,0.0,0.0,0.38308029532743,0.1073263573625142,0.9999999999999876,5.54,610.0
zloty_rog,2023,4,64.77,50.0647,19.945,0.3830802953274301,0.0,0.0,0.4968660685524886,0.0127272787575545,0.1073263573625142,0.0,0.0,0.0,0.0,0.38308029532743,0.1073263573625142,0.9999999999999876,7.83,566.6
zloty_rog,2023,5,52.81,50.0647,19.945,0.3830802953274301,0.0,0.0,0.4968660685524886,0.0127272787575545,0.1073263573625142,0.0,0.0,0.0,0.0,0.38308029532743,0.1073263573625142,0.9999999999999876,12.96,534.1
zloty_rog,2023,6,54.28,50.0647,19.945,0.3830802953274301,0.0,0.0,0.4968660685524886,0.0127272787575545,0.1073263573625142,0.0,0.0,0.0,0.0,0.38308029532743,0.1073263573625142,0.9999999999999876,17.94,549.8
zloty_rog,2023,7,38.61,50.0647,19.945,0.3830802953274301,0.0,0.0,0.4968660685524886,0.0127272787575545,0.1073263573625142,0.0,0.0,0.0,0.0,0.38308029532743,0.1073263573625142,0.9999999999999876,20.93,585.4
zloty_rog,2023,8,41.35,50.0647,19.945,0.3830802953274301,0.0,0.0,0.4968660685524886,0.0127272787575545,0.1073263573625142,0.0,0.0,0.0,0.0,0.38308029532743,0.1073263573625142,0.9999999999999876,20.69,426.7
zloty_rog,2023,9,49.57,50.0647,19.945,0.3830802953274301,0.0,0.0,0.4968660685524886,0.0127272787575545,0.1073263573625142,0.0,0.0,0.0,0.0,0.38308029532743,0.1073263573625142,0.9999999999999876,17.98,386.5
zloty_rog,2023,10,51.29,50.0647,19.945,0.3830802953274301,0.0,0.0,0.4968660685524886,0.0127272787575545,0.1073263573625142,0.0,0.0,0.0,0.0,0.38308029532743,0.1073263573625142,0.9999999999999876,12.32,474.9
zloty_rog,2023,11,55.8,50.0647,19.945,0.3830802953274301,0.0,0.0,0.4968660685524886,0.0127272787575545,0.1073263573625142,0.0,0.0,0.0,0.0,0.38308029532743,0.1073263573625142,0.9999999999999876,5.03,536.6
zloty_rog,2023,12,79.38,50.0647,19.945,0.3830802953274301,0.0,0.0,0.4968660685524886,0.0127272787575545,0.1073263573625142,0.0,0.0,0.0,0.0,0.38308029532743,0.1073263573625142,0.9999999999999876,1.78,496.9
zloty_rog,2024,1,77.67,50.0647,19.945,0.3830802953274301,0.0,0.0,0.4968660685524886,0.0127272787575545,0.1073263573625142,0.0,0.0,0.0,0.0,0.38308029532743,0.1073263573625142,0.9999999999999876,-0.58,
zloty_rog,2024,2,64.71,50.0647,19.945,0.3830802953274301,0.0,0.0,0.4968660685524886,0.0127272787575545,0.1073263573625142,0.0,0.0,0.0,0.0,0.38308029532743,0.1073263573625142,0.9999999999999876,6.5,
zloty_rog,2024,3,81.84,50.0647,19.945,0.3830802953274301,0.0,0.0,0.4968660685524886,0.0127272787575545,0.1073263573625142,0.0,0.0,0.0,0.0,0.38308029532743,0.1073263573625142,0.9999999999999876,7.35,
zloty_rog,2024,4,48.9,50.0647,19.945,0.3830802953274301,0.0,0.0,0.4968660685524886,0.0127272787575545,0.1073263573625142,0.0,0.0,0.0,0.0,0.38308029532743,0.1073263573625142,0.9999999999999876,11.39,
zloty_rog,2024,5,40.45,50.0647,19.945,0.3830802953274301,0.0,0.0,0.4968660685524886,0.0127272787575545,0.1073263573625142,0.0,0.0,0.0,0.0,0.38308029532743,0.1073263573625142,0.9999999999999876,16.47,
zloty_rog,2024,6,40.47,50.0647,19.945,0.3830802953274301,0.0,0.0,0.4968660685524886,0.0127272787575545,0.1073263573625142,0.0,0.0,0.0,0.0,0.38308029532743,0.1073263573625142,0.9999999999999876,19.64,
zloty_rog,2024,7,39.39,50.0647,19.945,0.3830802953274301,0.0,0.0,0.4968660685524886,0.0127272787575545,0.1073263573625142,0.0,0.0,0.0,0.0,0.38308029532743,0.1073263573625142,0.9999999999999876,22.01,597.0
zloty_rog,2024,8,42.94,50.0647,19.945,0.3830802953274301,0.0,0.0,0.4968660685524886,0.0127272787575545,0.1073263573625142,0.0,0.0,0.0,0.0,0.38308029532743,0.1073263573625142,0.9999999999999876,21.37,481.1
zloty_rog,2024,9,49.1,50.0647,19.945,0.3830802953274301,0.0,0.0,0.4968660685524886,0.0127272787575545,0.1073263573625142,0.0,0.0,0.0,0.0,0.38308029532743,0.1073263573625142,0.9999999999999876,17.23,499.9
zloty_rog,2024,10,53.23,50.0647,19.945,0.3830802953274301,0.0,0.0,0.4968660685524886,0.0127272787575545,0.1073263573625142,0.0,0.0,0.0,0.0,0.38308029532743,0.1073263573625142,0.9999999999999876,10.36,331.7
zloty_rog,2024,11,70.73,50.0647,19.945,0.3830802953274301,0.0,0.0,0.4968660685524886,0.0127272787575545,0.1073263573625142,0.0,0.0,0.0,0.0,0.38308029532743,0.1073263573625142,0.9999999999999876,3.64,394.5
zloty_rog,2024,12,75.24,50.0647,19.945,0.3830802953274301,0.0,0.0,0.4968660685524886,0.0127272787575545,0.1073263573625142,0.0,0.0,0.0,0.0,0.38308029532743,0.1073263573625142,0.9999999999999876,1.97,356.5
